PARK - ON BOULEVARD,50,375 BAY MILLS BLVD
PARK - ON BOULEVARD,50,TROLLEY CRES
PARK - ON BOULEVARD,50,219 GERRARD ST E
PARK - ON BOULEVARD,50,219 GERRARD ST E
PARK - ON BOULEVARD,50,219 GERRARD ST E
PARK - ON BOULEVARD,50,EDGEWOOD AVE
PARK - ON BOULEVARD,50,7 IRONWOOD RD
PARK - ON BOULEVARD,50,20 HAGAR AVE
PARK - ON BOULEVARD,50,TROLLEY CRES
PARK - ON BOULEVARD,50,TROLLEY CRES
PARK - ON BOULEVARD,50,29 BRIDPORT CRES
PARK - ON BOULEVARD,50,SEATON ST
PARK - ON BOULEVARD,50,SEATON ST
PARK - ON BOULEVARD,50,SEATON ST
PARK - ON BOULEVARD,50,3 TOPEKA RD
PARK - ON BOULEVARD,50,124 BROOKMILL BLVD
PARK - ON BOULEVARD,50,116 VIA ITALIA
PARK - ON BOULEVARD,50,OLD BREWERY LANE
PARK - ON BOULEVARD,50,OLD BREWERY LANE
PARK - ON BOULEVARD,50,LOGAN AVE
PARK - ON BOULEVARD,50,LOGAN AVE
PARK - ON BOULEVARD,50,340 RICHMOND ST W
PARK - ON BOULEVARD,50,340 RICHMOND ST W
PARK - ON BOULEVARD,50,340 RICHMOND ST W
PARK - ON BOULEVARD,50,111 MONARCH PARK AVE
PARK - ON BOULEVARD,50,213 CLOSE AVE
PARK - ON BOULEVARD,50,1 FERNDALE AVE
PARK - ON BOULEVARD,50,279 DOVERCOURT RD
PARK - ON BOULEVARD,50,OLD BREWERY LANE
PARK - ON BOULEVARD,50,OLD BREWERY LANE
PARK - ON BOULEVARD,50,OLD BREWERY LANE
PARK - ON BOULEVARD,50,OLD BREWERY LANE
PARK - ON BOULEVARD,50,OLD BREWERY LANE
PARK - ON BOULEVARD,50,OLD BREWERY LANE
PARK - ON BOULEVARD,50,TROLLEY CRES
PARK - ON BOULEVARD,50,107 SHAW ST
PARK - ON BOULEVARD,50,69 WOLSELEY ST
PARK - ON BOULEVARD,50,139 COWAN AVE
PARK - ON BOULEVARD,50,139 COWAN AVE
PARK - ON BOULEVARD,50,104 BOND ST
PARK - ON BOULEVARD,50,TROLLEY CRES
PARK - ON BOULEVARD,50,370 ALLIANCE AVE
PARK - ON BOULEVARD,50,370 ALLIANCE AVE
PARK - ON BOULEVARD,50,1726 WESTON RD
PARK - ON BOULEVARD,50,555 LAWRENCE AVE W
PARK - ON BOULEVARD,50,45 SONGWOOD DR
PARK - ON BOULEVARD,50,57 SONGWOOD DR
PARK - ON BOULEVARD,50,56 SONGWOOD DR
PARK - ON BOULEVARD,50,165 ARDWICK BLVD
PARK - ON BOULEVARD,50,146 ARDWICK BLVD
PARK - ON BOULEVARD,50,74 ARDWICK BLVD
PARK - ON BOULEVARD,50,20 DUNCANWOODS DR
PARK - ON BOULEVARD,50,210 PLUNKETT RD
PARK - ON BOULEVARD,50,73 CABANA DR
PARK - ON BOULEVARD,50,269 KINGSLAKE RD
PARK - ON BOULEVARD,50,61 CABANA DR
PARK - ON BOULEVARD,50,10 MADONNA GDNS
PARK - ON BOULEVARD,50,104 ANTHIA DR
PARK - ON BOULEVARD,50,10 LEGUME RD
PARK - ON BOULEVARD,50,296 HULLMAR DR
PARK - ON BOULEVARD,50,231 HULLMAR DR
PARK - ON BOULEVARD,50,5 HISEY CRES
PARK - ON BOULEVARD,50,33 HISEY CRES
PARK - ON BOULEVARD,50,113 BAMFORD CRES
PARK - ON BOULEVARD,50,29 BRIDPORT CRES
PARK - ON BOULEVARD,50,11 BLANEY CRES
PARK - ON BOULEVARD,50,42 PETIOLE RD
PARK - ON BOULEVARD,50,21 PETIOLE RD
PARK - ON BOULEVARD,50,212 FIRGROVE CRES
PARK - ON BOULEVARD,50,14 CASHMAN CRES
PARK - ON BOULEVARD,50,TROLLEY CRES
PARK - ON BOULEVARD,50,69 HOLLY ST
PARK - ON BOULEVARD,50,105 THIRTY FIRST ST
PARK - ON BOULEVARD,50,THIRTY FIRST ST
PARK - ON BOULEVARD,50,THIRTY FIRST ST
PARK - ON BOULEVARD,50,16 WILBY CRES
PARK - ON BOULEVARD,50,16 WILBY CRES
PARK - ON BOULEVARD,50,178 HOLLYBERRY TRL
PARK - ON BOULEVARD,50,137 YATESCASTLE DR
PARK - ON BOULEVARD,50,TROLLEY CRES
PARK - ON BOULEVARD,50,11 LINDEN ST
PARK - ON BOULEVARD,50,22 SCOLLARD ST
PARK - ON BOULEVARD,50,80 ST PATRICK ST
PARK - ON BOULEVARD,50,80 ST PATRICK ST
PARK - ON BOULEVARD,50,1 SCOTT ST
PARK - ON BOULEVARD,50,218 CLOSE AVE
PARK - ON BOULEVARD,50,BLEECKER ST
PARK - ON BOULEVARD,50,BLEECKER ST
PARK - ON BOULEVARD,50,415 YONGE ST
PARK - ON BOULEVARD,50,ELROSE AVE
PARK - ON BOULEVARD,50,SEATON ST
PARK - ON BOULEVARD,50,SEATON ST
PARK - ON BOULEVARD,50,SEATON ST
PARK - ON BOULEVARD,50,SEATON ST
PARK - ON BOULEVARD,50,SEATON ST
PARK - ON BOULEVARD,50,2202 SHEPPARD AVE E
PARK - ON BOULEVARD,50,356 BAY MILLS BLVD
PARK - ON BOULEVARD,50,43 LINDYLOU RD
PARK - ON BOULEVARD,50,9 SONGWOOD DR
PARK - ON BOULEVARD,50,49 SONGWOOD DR
PARK - ON BOULEVARD,50,49 SONGWOOD DR
PARK - ON BOULEVARD,50,146 ARDWICK BLVD
PARK - ON BOULEVARD,50,58 ARDWICK BLVD
PARK - ON BOULEVARD,50,28 ARDWICK BLVD
PARK - ON BOULEVARD,50,4 BLUE HAVEN CRES
PARK - ON BOULEVARD,50,17 BRUBECK RD
PARK - ON BOULEVARD,50,47 ARCHWAY CRES
PARK - ON BOULEVARD,50,119 LINDYLOU RD
PARK - ON BOULEVARD,50,58 DAVELAYNE RD
PARK - ON BOULEVARD,50,21 IRONWOOD RD
PARK - ON BOULEVARD,50,22 IRONWOOD RD
PARK - ON BOULEVARD,50,10 LEGUME RD
PARK - ON BOULEVARD,50,57 LANYARD RD
PARK - ON BOULEVARD,50,38 WINDHILL CRES
PARK - ON BOULEVARD,50,22 STORER DR
PARK - ON BOULEVARD,50,25 STORER DR
PARK - ON BOULEVARD,50,SUSSEX AVE
PARK - ON BOULEVARD,50,174 MAJOR ST
PARK - ON BOULEVARD,50,285 MAJOR ST
PARK - ON BOULEVARD,50,11 FOUR WINDS DR
PARK - ON BOULEVARD,50,4 ST PATRICK ST
PARK - ON BOULEVARD,50,7 EMERSON AVE
PARK - ON BOULEVARD,50,139 EIGHTH ST
PARK - ON BOULEVARD,50,139 EIGHTH ST
PARK - ON BOULEVARD,50,143 EIGHTH ST
PARK - ON BOULEVARD,50,143 EIGHTH ST
PARK - ON BOULEVARD,50,143 EIGHTH ST
PARK - ON BOULEVARD,50,143 EIGHTH ST
PARK - ON BOULEVARD,50,4 GRANBY ST
PARK - ON BOULEVARD,50,DALESFORD RD
PARK - ON BOULEVARD,50,285 MAJOR ST
PARK - ON BOULEVARD,50,11 FOUR WINDS DR
PARK - ON BOULEVARD,50,MAIDSTONE ST
PARK - ON BOULEVARD,50,1058 MIDLAND AVE
PARK - ON BOULEVARD,50,SEATON ST
PARK - ON BOULEVARD,50,SEATON ST
PARK - ON BOULEVARD,50,567 LAWRENCE AVE W
PARK - ON BOULEVARD,50,RICHARDSON ST
PARK - ON BOULEVARD,50,ROLLING MILLS RD
PARK - ON BOULEVARD,50,1726 WESTON RD
PARK - ON BOULEVARD,50,1716 WESTON RD
PARK - ON BOULEVARD,50,35 CAMDEN ST
PARK - ON BOULEVARD,50,12 BRANT ST
PARK - ON BOULEVARD,50,1153 GLENCAIRN AVE
PARK - ON BOULEVARD,50,139 COWAN AVE
PARK - ON BOULEVARD,50,430 QUEEN ST W
PARK - ON BOULEVARD,50,SEATON ST
PARK - ON BOULEVARD,50,SEATON ST
PARK - ON BOULEVARD,50,24 CORINTHIAN BLVD
PARK - ON BOULEVARD,50,CHAPMAN AVE
PARK - ON BOULEVARD,50,TROLLEY CRES
PARK - ON BOULEVARD,50,TROLLEY CRES
PARK - ON BOULEVARD,50,66 HUMBER COLLEGE BLVD
PARK - ON BOULEVARD,50,SEATON ST
PARK - ON BOULEVARD,50,211 GERRARD ST E
PARK - ON BOULEVARD,50,211 GERRARD ST E
PARK - ON BOULEVARD,50,211 GERRARD ST E
PARK - ON BOULEVARD,50,11 BLANEY CRES
PARK - ON BOULEVARD,50,43 PETIOLE RD
PARK - ON BOULEVARD,50,21 PETIOLE RD
PARK - ON BOULEVARD,50,21 BLOSSOM CRES
PARK - ON BOULEVARD,50,47 BLOSSOM CRES
PARK - ON BOULEVARD,50,65 FIRGROVE CRES
PARK - ON BOULEVARD,50,59 FIRGROVE CRES
PARK - ON BOULEVARD,50,94 FIRGROVE CRES
PARK - ON BOULEVARD,50,112 FIRGROVE CRES
PARK - ON BOULEVARD,50,283 FIRGROVE CRES
PARK - ON BOULEVARD,50,296 HULLMAR DR
PARK - ON BOULEVARD,50,208 HULLMAR DR
PARK - ON BOULEVARD,50,39 FRED YOUNG DR
PARK - ON BOULEVARD,50,43 LEILA JACKSON TER
PARK - ON BOULEVARD,50,NEWCASTLE ST
PARK - ON BOULEVARD,50,NEWCASTLE ST
PARK - ON BOULEVARD,50,AGINCOURT DR
PARK - ON BOULEVARD,50,RICHARDSON ST
PARK - ON BOULEVARD,50,18 GIFFORD ST
PARK - ON BOULEVARD,50,75 BREMNER BLVD
PARK - ON BOULEVARD,50,RICHARDSON ST
PARK - ON BOULEVARD,50,97 GLOUCESTER ST
PARK - ON BOULEVARD,50,259 KANE AVE
PARK - ON BOULEVARD,50,77 KANE AVE
PARK - ON BOULEVARD,50,21 GLASGOW ST
PARK - ON BOULEVARD,50,252 QUEEN ST W
PARK - ON BOULEVARD,50,660 RICHMOND ST W
PARK - ON BOULEVARD,50,660 RICHMOND ST W
PARK - ON BOULEVARD,50,660 RICHMOND ST W
PARK - ON BOULEVARD,50,80 BERESFORD AVE
PARK - ON BOULEVARD,50,39 PETTIBONE SQ
PARK - ON BOULEVARD,50,234 THE WEST MALL
PARK - ON BOULEVARD,50,SEATON ST
PARK - ON BOULEVARD,50,35 COLLINSGROVE RD
PARK - ON BOULEVARD,50,141 BRIARWOOD AVE
PARK - ON BOULEVARD,50,SUDBURY ST
PARK - ON BOULEVARD,50,4004 BLOOR ST W
PARK - ON BOULEVARD,50,12 LEGION RD
PARK - ON BOULEVARD,50,76 SHERWOOD AVE
PARK - ON BOULEVARD,50,133 NIAGARA ST
PARK - ON BOULEVARD,50,TROLLEY CRES
PARK - ON BOULEVARD,50,12 BRANT ST
PARK - ON BOULEVARD,50,2 MARKET ST
PARK - ON BOULEVARD,50,2 MARKET ST
PARK - ON BOULEVARD,50,163 STERLING RD
PARK - ON BOULEVARD,50,3 GROSBEAK CRES
PARK - ON BOULEVARD,50,SEATON ST
PARK - ON BOULEVARD,50,SEATON ST
PARK - ON BOULEVARD,50,SEATON ST
PARK - ON BOULEVARD,50,185 HIGHBOURNE RD
PARK - ON BOULEVARD,50,191 HIGHBOURNE RD
PARK - ON BOULEVARD,50,115 MINTWOOD DR
PARK - ON BOULEVARD,50,GEORGE ST
PARK - ON BOULEVARD,50,211 GERRARD ST E
PARK - ON BOULEVARD,50,211 GERRARD ST E
PARK - ON BOULEVARD,50,211 GERRARD ST E
PARK - ON BOULEVARD,50,OLD BREWERY LANE
PARK - ON BOULEVARD,50,ST THOMAS ST
PARK - ON BOULEVARD,50,80 LYNN WILLIAMS ST
PARK - ON BOULEVARD,50,149 AUGUSTA AVE
PARK - ON BOULEVARD,50,38 JOE SHUSTER WAY
PARK - ON BOULEVARD,50,35 CAMDEN ST
PARK - ON BOULEVARD,50,PORTLAND ST
PARK - ON BOULEVARD,50,279 SIMCOE ST
PARK - ON BOULEVARD,50,41 JARVIS ST
PARK - ON BOULEVARD,50,656 ST CLARENS AVE
PARK - ON BOULEVARD,50,730 ST CLARENS AVE
PARK - ON BOULEVARD,50,139 COWAN AVE
PARK - ON BOULEVARD,50,219 GERRARD ST E
PARK - ON BOULEVARD,50,219 GERRARD ST E
PARK - ON BOULEVARD,50,219 GERRARD ST E
PARK - ON BOULEVARD,50,7 BOSTON AVE
PARK - ON BOULEVARD,50,6 KINNIE CRT
PARK - ON BOULEVARD,50,296 GRANDRAVINE DR
PARK - ON BOULEVARD,50,355 GRANDRAVINE DR
PARK - ON BOULEVARD,50,355 GRANDRAVINE DR
PARK - ON BOULEVARD,50,303 GRANDRAVINE DR
PARK - ON BOULEVARD,50,311 GRANDRAVINE DR
PARK - ON BOULEVARD,50,311 GRANDRAVINE DR
PARK - ON BOULEVARD,50,178 FIRGROVE CRES
PARK - ON BOULEVARD,50,211 GERRARD ST E
PARK - ON BOULEVARD,50,211 GERRARD ST E
PARK - ON BOULEVARD,50,151 BROADLANDS BLVD
PARK - ON BOULEVARD,50,370 ALLIANCE AVE
PARK - ON BOULEVARD,50,80 GRANDVILLE AVE
PARK - ON BOULEVARD,50,299 EUCLID AVE
PARK - ON BOULEVARD,50,WOODYCREST AVE
PARK - ON BOULEVARD,50,43 ELM AVE
PARK - ON BOULEVARD,50,OLD BREWERY LANE
PARK - ON BOULEVARD,50,735 QUEEN ST W
PARK - ON BOULEVARD,50,660 RICHMOND ST W
PARK - ON BOULEVARD,50,660 RICHMOND ST W
PARK - ON BOULEVARD,50,660 RICHMOND ST W
PARK - ON BOULEVARD,50,107 SHAW ST
PARK - ON BOULEVARD,50,275 GEORGE ST
PARK - ON BOULEVARD,50,275 GEORGE ST
PARK - ON BOULEVARD,50,5 AUGUSTA AVE
PARK - ON BOULEVARD,50,30 EASTWOOD RD
PARK - ON BOULEVARD,50,219 GERRARD ST E
PARK - ON BOULEVARD,50,CLOSE AVE
PARK - ON BOULEVARD,50,55 CENTRE AVE
PARK - ON BOULEVARD,50,TROLLEY CRES
PARK - ON BOULEVARD,50,SEATON ST
PARK - ON BOULEVARD,50,TROLLEY CRES
PARK - ON BOULEVARD,50,1320 GERRARD ST E
PARK - ON BOULEVARD,50,1355 NEILSON RD
PARK - ON BOULEVARD,50,1 JILLSON AVE
PARK - ON BOULEVARD,50,285 MAJOR ST
PARK - ON BOULEVARD,50,375 BAY MILLS BLVD
PARK - ON BOULEVARD,50,55 REGENT PARK BLVD
PARK - ON BOULEVARD,50,219 GERRARD ST E
PARK - ON BOULEVARD,50,219 GERRARD ST E
PARK - ON BOULEVARD,50,ABRAHAM WELSH RD
PARK - ON BOULEVARD,50,51 TROLLEY CRES
PARK - ON BOULEVARD,50,176 SHEPTON WAY
PARK - ON BOULEVARD,50,358 BAY MILLS BLVD
PARK - ON BOULEVARD,50,375 BAY MILLS BLVD
PARK - ON BOULEVARD,50,219 GERRARD ST E
PARK - ON BOULEVARD,50,20 SHERRY RD
PARK - ON BOULEVARD,50,219 GERRARD ST E
PARK - ON BOULEVARD,50,219 GERRARD ST E
PARK - ON BOULEVARD,50,TROLLEY CRES
PARK - ON BOULEVARD,50,TROLLEY CRES
PARK - ON BOULEVARD,50,TROLLEY CRES
PARK - ON BOULEVARD,50,TROLLEY CRES
PARK - ON BOULEVARD,50,235 HIGHFIELD RD
PARK - ON BOULEVARD,50,TROLLEY CRES
PARK - ON BOULEVARD,50,300 CAMPBELL AVE
PARK - ON BOULEVARD,50,44 LADY BOWER CRES
PARK - ON BOULEVARD,50,1 LOCKDARE ST
PARK - ON BOULEVARD,50,5 LOCKDARE ST
PARK - ON BOULEVARD,50,23 LOFTHOUSE SQ
PARK - ON BOULEVARD,50,211 GERRARD ST E
PARK - ON BOULEVARD,50,211 GERRARD ST E
PARK - ON BOULEVARD,50,211 GERRARD ST E
PARK - ON BOULEVARD,50,135 PURCELL SQ
PARK - ON BOULEVARD,50,143 PURCELL SQ
PARK - ON BOULEVARD,50,77 SHEPTON WAY
PARK - ON BOULEVARD,50,83 SHEPTON WAY
PARK - ON BOULEVARD,50,105 SHEPTON WAY
PARK - ON BOULEVARD,50,111 SHEPTON WAY
PARK - ON BOULEVARD,50,113 SHEPTON WAY
PARK - ON BOULEVARD,50,123 SHEPTON WAY
PARK - ON BOULEVARD,50,147 SHEPTON WAY
PARK - ON BOULEVARD,50,149 SHEPTON WAY
PARK - ON BOULEVARD,50,56 COVERDALE CRES
PARK - ON BOULEVARD,50,86 COVERDALE CRES
PARK - ON BOULEVARD,50,68 SYLVESTRE SQ
PARK - ON BOULEVARD,50,61 SYLVESTRE SQ
PARK - ON BOULEVARD,50,57 SYLVESTRE SQ
PARK - ON BOULEVARD,50,53 SYLVESTRE SQ
PARK - ON BOULEVARD,50,7 GREEN BUSH RD
PARK - ON BOULEVARD,50,141 BELINDA SQ
PARK - ON BOULEVARD,50,103 BELINDA SQ
PARK - ON BOULEVARD,50,103 BELINDA SQ
PARK - ON BOULEVARD,50,107 BELINDA SQ
PARK - ON BOULEVARD,50,29 ST ANDREW ST
PARK - ON BOULEVARD,50,438 RICHMOND ST W
PARK - ON BOULEVARD,50,60 BRANT ST
PARK - ON BOULEVARD,50,60 BRANT ST
PARK - ON BOULEVARD,50,805 WELLINGTON ST W
PARK - ON BOULEVARD,50,279 SIMCOE ST
PARK - ON BOULEVARD,50,21 GLASGOW ST
PARK - ON BOULEVARD,50,RICHMOND ST W
PARK - ON BOULEVARD,50,62 GLADYS RD
PARK - ON BOULEVARD,50,62 GLADYS RD
PARK - ON BOULEVARD,50,62 GLADYS RD
PARK - ON BOULEVARD,50,1 FERNDALE AVE
PARK - ON BOULEVARD,50,1 FERNDALE AVE
PARK - ON BOULEVARD,50,489 KING ST E
PARK - ON BOULEVARD,50,TROLLEY CRES
PARK - ON BOULEVARD,50,BLEECKER ST
PARK - ON BOULEVARD,50,730 ST CLARENS AVE
PARK - ON BOULEVARD,50,63 REGENT PARK BLVD
PARK - ON BOULEVARD,50,216 CLOSE AVE
PARK - ON BOULEVARD,50,48 THREE VALLEYS DR
PARK - ON BOULEVARD,50,375 BAY MILLS BLVD
PARK - ON BOULEVARD,50,219 GERRARD ST E
PARK - ON BOULEVARD,50,219 GERRARD ST E
PARK - ON BOULEVARD,50,9 VANLEY CRES
PARK - ON BOULEVARD,50,16 SECRETARIAT DR
PARK - ON BOULEVARD,50,26 HULLRICK DR
PARK - ON BOULEVARD,50,145 BRIARWOOD AVE
PARK - ON BOULEVARD,50,27 GLEN HOLLOW AVE
PARK - ON BOULEVARD,50,21 GLEN HOLLOW AVE
PARK - ON BOULEVARD,50,219 GERRARD ST E
PARK - ON BOULEVARD,50,219 GERRARD ST E
PARK - ON BOULEVARD,50,20 CALLOWHILL DR
PARK - ON BOULEVARD,50,IRWIN RD
PARK - ON BOULEVARD,50,OLD BREWERY LANE
PARK - ON BOULEVARD,50,OLD BREWERY LANE
PARK - ON BOULEVARD,50,90 WICKSTEED AVE
PARK - ON BOULEVARD,50,KNAPP LANE
PARK - ON BOULEVARD,50,KNAPP LANE
PARK - ON BOULEVARD,50,253 NIAGARA ST
PARK - ON BOULEVARD,50,668 RICHMOND ST W
PARK - ON BOULEVARD,50,660 RICHMOND ST W
PARK - ON BOULEVARD,50,660 RICHMOND ST W
PARK - ON BOULEVARD,50,27 CANNIFF ST
PARK - ON BOULEVARD,50,58 PHOEBE ST
PARK - ON BOULEVARD,50,WOODFIELD RD
PARK - ON BOULEVARD,50,280 WOODFIELD RD
PARK - ON BOULEVARD,50,TROLLEY CRES
PARK - ON BOULEVARD,50,67 GOLFDOWN DR
PARK - ON BOULEVARD,50,14 HIGH PARK AVE
PARK - ON BOULEVARD,50,1 LAKELAND CRES
PARK - ON BOULEVARD,50,126 CHESTNUT ST
PARK - ON BOULEVARD,50,29 ST ANDREW ST
PARK - ON BOULEVARD,50,216 CLOSE AVE
PARK - ON BOULEVARD,50,62 BRANSTONE RD
PARK - ON BOULEVARD,50,VIA ITALIA
PARK - ON BOULEVARD,50,TROLLEY CRES
PARK - ON BOULEVARD,50,51 TROLLEY CRES
PARK - ON BOULEVARD,50,216 CLOSE AVE
PARK - ON BOULEVARD,50,CLOSE AVE
PARK - ON BOULEVARD,50,RICHARDSON ST
PARK - ON BOULEVARD,50,21 GLASGOW ST
PARK - ON BOULEVARD,50,773 PALMERSTON AVE
PARK - ON BOULEVARD,50,773 PALMERSTON AVE
PARK - ON BOULEVARD,50,BLEECKER ST
PARK - ON BOULEVARD,50,BLEECKER ST
PARK - ON BOULEVARD,50,35 TRILLER AVE
PARK - ON BOULEVARD,50,1 BROCK AVE
PARK - ON BOULEVARD,50,1 BROCK AVE
PARK - ON BOULEVARD,50,430 QUEEN ST W
PARK - ON BOULEVARD,50,55 CENTRE AVE
PARK - ON BOULEVARD,50,219 GERRARD ST E
PARK - ON BOULEVARD,50,219 GERRARD ST E
PARK - ON BOULEVARD,50,375 BAY MILLS BLVD
PARK - ON BOULEVARD,50,89 UPPER HUMBER DR
PARK - ON BOULEVARD,50,64 UPPER HUMBER DR
PARK - ON BOULEVARD,50,67 GOLFDOWN DR
PARK - ON BOULEVARD,50,79 REDWATER DR
PARK - ON BOULEVARD,50,219 GERRARD ST E
PARK - ON BOULEVARD,50,219 GERRARD ST E
PARK - ON BOULEVARD,50,853 COSBURN AVE
PARK - ON BOULEVARD,50,SUDBURY ST
PARK - ON BOULEVARD,50,SUDBURY ST
PARK - ON BOULEVARD,50,10 ALBANY AVE
PARK - ON BOULEVARD,50,447 CASTLEFIELD AVE
PARK - ON BOULEVARD,50,30 BLAKE ST
PARK - ON BOULEVARD,50,OLD BREWERY LANE
PARK - ON BOULEVARD,50,OLD BREWERY LANE
PARK - ON BOULEVARD,50,279 SIMCOE ST
PARK - ON BOULEVARD,50,254 NIAGARA ST
PARK - ON BOULEVARD,50,RICHARDSON ST
PARK - ON BOULEVARD,50,257 NIAGARA ST
PARK - ON BOULEVARD,50,KNAPP LANE
PARK - ON BOULEVARD,50,688 RICHMOND ST W
PARK - ON BOULEVARD,50,660 RICHMOND ST W
PARK - ON BOULEVARD,50,660 RICHMOND ST W
PARK - ON BOULEVARD,50,200 BLEECKER ST
PARK - ON BOULEVARD,50,OLD BREWERY LANE
PARK - ON BOULEVARD,50,OLD BREWERY LANE
PARK - ON BOULEVARD,50,OLD BREWERY LANE
PARK - ON BOULEVARD,50,1 BROCK AVE
PARK - ON BOULEVARD,50,OLD BREWERY LANE
PARK - ON BOULEVARD,50,OLD BREWERY LANE
PARK - ON BOULEVARD,50,219 GERRARD ST E
PARK - ON BOULEVARD,50,219 GERRARD ST E
PARK - ON BOULEVARD,50,90 COLBECK ST
PARK - ON BOULEVARD,50,99 SUDBURY ST
PARK - ON BOULEVARD,50,968 EASTERN AVE
PARK - ON BOULEVARD,50,219 GERRARD ST E
PARK - ON BOULEVARD,50,19 PINDAR CRES
PARK - ON BOULEVARD,50,28 ALLANGROVE CRES
PARK - ON BOULEVARD,50,219 GERRARD ST E
PARK - ON BOULEVARD,50,219 GERRARD ST E
PARK - ON BOULEVARD,50,219 GERRARD ST E
PARK - ON BOULEVARD,50,LA ROSE AVE
PARK - ON BOULEVARD,50,276 LA ROSE AVE
PARK - ON BOULEVARD,50,50 MONCLOVA RD
PARK - ON BOULEVARD,50,1714 WESTON RD
PARK - ON BOULEVARD,50,GEORGE ST
PARK - ON BOULEVARD,50,TROLLEY CRES
PARK - ON BOULEVARD,50,72 GLENDOWER CRCT
PARK - ON BOULEVARD,50,1 JILLSON AVE
PARK - ON BOULEVARD,50,1 JILLSON AVE
PARK - ON BOULEVARD,50,RICHARDSON ST
PARK - ON BOULEVARD,50,RICHARDSON ST
PARK - ON BOULEVARD,50,RICHARDSON ST
PARK - ON BOULEVARD,50,77 PRINCEWAY DRIVE
PARK - ON BOULEVARD,50,1 MUNRO ST
PARK - ON BOULEVARD,50,GEORGE ST
PARK - ON BOULEVARD,50,GEORGE ST
PARK - ON BOULEVARD,50,74 GLENDOWER CRCT
PARK - ON BOULEVARD,50,TROLLEY CRES
PARK - ON BOULEVARD,50,968 EASTERN AVE
PARK - ON BOULEVARD,50,35 CAMDEN ST
PARK - ON BOULEVARD,50,668 RICHMOND ST W
PARK - ON BOULEVARD,50,660 RICHMOND ST W
PARK - ON BOULEVARD,50,196 WALLACE AVE
PARK - ON BOULEVARD,50,730 ST CLARENS AVE
PARK - ON BOULEVARD,50,730 ST CLARENS AVE
PARK - ON BOULEVARD,50,26 DALHOUSIE ST
PARK - ON BOULEVARD,50,186 OLD SHEPPARD AVE
PARK - ON BOULEVARD,50,101 ERSKINE AVE
PARK - ON BOULEVARD,50,TROLLEY CRES
PARK - ON BOULEVARD,50,TROLLEY CRES
PARK - ON BOULEVARD,50,339 MARGUERETTA ST
PARK - ON BOULEVARD,50,16 CHAPMAN RD
PARK - ON BOULEVARD,50,ARENA ST
PARK - ON BOULEVARD,50,219 GERRARD ST E
PARK - ON BOULEVARD,50,853 COSBURN AVE
PARK - ON BOULEVARD,50,219 GERRARD ST E
PARK - ON BOULEVARD,50,25 BEACONHILL RD
PARK - ON BOULEVARD,50,107 LEYTON AVE
PARK - ON BOULEVARD,50,1 JILLSON AVE
PARK - ON BOULEVARD,50,SUSSEX AVE
PARK - ON BOULEVARD,50,DURIE ST
PARK - ON BOULEVARD,50,938 EASTERN AVE
PARK - ON BOULEVARD,50,GEORGE ST
PARK - ON BOULEVARD,50,14 PELMO CRES
PARK - ON BOULEVARD,50,219 GERRARD ST E
PARK - ON BOULEVARD,50,GEORGE ST
PARK - ON BOULEVARD,50,43 LAING ST
PARK - ON BOULEVARD,50,10 YORK ST
PARK - ON BOULEVARD,50,10 YORK ST
PARK - ON BOULEVARD,50,77 CROCKFORD BLVD
PARK - ON BOULEVARD,50,1911 EGLINTON AVE E
PARK - ON BOULEVARD,50,853 COSBURN AVE
PARK - ON BOULEVARD,50,1 JILLSON AVE
PARK - ON BOULEVARD,50,219 GERRARD ST E
PARK - ON BOULEVARD,50,1320 GERRARD ST E
PARK - ON BOULEVARD,50,TROLLEY CRES
PARK - ON BOULEVARD,50,GEORGE ST
PARK - ON BOULEVARD,50,1 JILLSON AVE
PARK - ON BOULEVARD,50,1 BLUE JAYS WAY
PARK - ON BOULEVARD,50,1 BLUE JAYS WAY
PARK - ON BOULEVARD,50,28 LOGAN AVE
PARK - ON BOULEVARD,50,12 BRANT ST
PARK - ON BOULEVARD,50,86 ELM GROVE AVE
PARK - ON BOULEVARD,50,25 JOE SHUSTER WAY
PARK - ON BOULEVARD,50,55 CENTRE AVE
PARK - ON BOULEVARD,50,20 WADE AVE
PARK - ON BOULEVARD,50,730 ST CLARENS AVE
PARK - ON BOULEVARD,50,219 GERRARD ST E
PARK - ON BOULEVARD,50,214 ST CLARENS AVE
PARK - ON BOULEVARD,50,1 RAINSFORD RD
PARK - ON BOULEVARD,50,GEORGE ST
PARK - ON BOULEVARD,50,50 CARROLL ST
PARK - ON BOULEVARD,50,64 EDWARD ST
PARK - ON BOULEVARD,50,GEORGE ST
PARK - ON BOULEVARD,50,GEORGE ST
PARK - ON BOULEVARD,50,GEORGE ST
PARK - ON BOULEVARD,50,101 UNION ST
PARK - ON BOULEVARD,50,1 MUNRO ST
PARK - ON BOULEVARD,50,50 CARROLL ST
PARK - ON BOULEVARD,50,56 CHATHAM AVE
PARK - ON BOULEVARD,50,GEORGE ST
PARK - ON BOULEVARD,50,GEORGE ST
PARK - ON BOULEVARD,50,2 NAIRN AVE
PARK - ON BOULEVARD,50,62 BRANSTONE RD
PARK - ON BOULEVARD,50,70 CENTRE AVE
PARK - ON BOULEVARD,50,7 TEDDINGTON PARK AVE
PARK - ON BOULEVARD,50,OLD BREWERY LANE
PARK - ON BOULEVARD,50,51 TROLLEY CRES
PARK - ON BOULEVARD,50,51 TROLLEY CRES
PARK - ON BOULEVARD,50,51 TROLLEY CRES
PARK - ON BOULEVARD,50,51 TROLLEY CRES
PARK - ON BOULEVARD,50,PORTLAND ST
PARK - ON BOULEVARD,50,312 DOUGLAS AVE
PARK - ON BOULEVARD,50,312 DOUGLAS AVE
PARK - ON BOULEVARD,50,DOUGLAS AVE
PARK - ON BOULEVARD,50,327 DOUGLAS AVE
PARK - ON BOULEVARD,50,81 SEXTON CRES
PARK - ON BOULEVARD,50,219 GERRARD ST E
PARK - ON BOULEVARD,50,83 CONN SMYTHE DR
PARK - ON BOULEVARD,50,83 CONN SMYTHE DR
PARK - ON BOULEVARD,50,100 CONN SMYTHE DR
PARK - ON BOULEVARD,50,102 CONN SMYTHE DR
PARK - ON BOULEVARD,50,112 CONN SMYTHE DR
PARK - ON BOULEVARD,50,65 TIDWORTH SQ
PARK - ON BOULEVARD,50,65 TIDWORTH SQ
PARK - ON BOULEVARD,50,7 GABLEHURST CRES
PARK - ON BOULEVARD,50,7 GABLEHURST CRES
PARK - ON BOULEVARD,50,74 CARLINGWOOD CRT
PARK - ON BOULEVARD,50,23 CHALET RD
PARK - ON BOULEVARD,50,22 MOSSBROOK CRES
PARK - ON BOULEVARD,50,50 CARROLL ST
PARK - ON BOULEVARD,50,DURIE ST
PARK - ON BOULEVARD,50,DURIE ST
PARK - ON BOULEVARD,50,2 NAIRN AVE
PARK - ON BOULEVARD,50,GEORGE ST
PARK - ON BOULEVARD,50,GEORGE ST
PARK - ON BOULEVARD,50,122 SHERBOURNE ST
PARK - ON BOULEVARD,50,RICHARDSON ST
PARK - ON BOULEVARD,50,294 GRANDRAVINE DR
PARK - ON BOULEVARD,50,312 DOUGLAS AVE
PARK - ON BOULEVARD,50,DOUGLAS AVE
PARK - ON BOULEVARD,50,OLD BREWERY LANE
PARK - ON BOULEVARD,50,OLD BREWERY LANE
PARK - ON BOULEVARD,50,OLD BREWERY LANE
PARK - ON BOULEVARD,50,219 GERRARD ST E
PARK - ON BOULEVARD,50,219 GERRARD ST E
PARK - ON BOULEVARD,50,11 DANILACK CRT
PARK - ON BOULEVARD,50,22 LADY SARAH CRES
PARK - ON BOULEVARD,50,48 RICHMOND PARK BLVD
PARK - ON BOULEVARD,50,104 OTONABEE AVE
PARK - ON BOULEVARD,50,OLD BREWERY LANE
PARK - ON BOULEVARD,50,OLD BREWERY LANE
PARK - ON BOULEVARD,50,GEORGE ST
PARK - ON BOULEVARD,50,GEORGE ST
PARK - ON BOULEVARD,50,50 CARROLL ST
PARK - ON BOULEVARD,50,532 EASTERN AVE
PARK - ON BOULEVARD,50,RICHARDSON ST
PARK - ON BOULEVARD,50,8 SPRUCEWOOD CRT
PARK - ON BOULEVARD,50,OLD BREWERY LANE
PARK - ON BOULEVARD,50,50 CARROLL ST
PARK - ON BOULEVARD,50,CENTRE AVE
PARK - ON BOULEVARD,50,DANE AVE
PARK - ON BOULEVARD,50,254 NIAGARA ST
PARK - ON BOULEVARD,50,688 RICHMOND ST W
PARK - ON BOULEVARD,50,38 THE ESPLANADE
PARK - ON BOULEVARD,50,189 HIGHBOURNE RD
PARK - ON BOULEVARD,50,189 HIGHBOURNE RD
PARK - ON BOULEVARD,50,219 GERRARD ST E
PARK - ON BOULEVARD,50,TROLLEY CRES
PARK - ON BOULEVARD,50,226 WILMINGTON AVE
PARK - ON BOULEVARD,50,86 GARTHDALE CRT
PARK - ON BOULEVARD,50,34 GARTHDALE CRT
PARK - ON BOULEVARD,50,126 CHARLTON BLVD
PARK - ON BOULEVARD,50,305 GEORGE ST
PARK - ON BOULEVARD,50,WOODYCREST AVE
PARK - ON BOULEVARD,50,305 GEORGE ST
PARK - ON BOULEVARD,50,4 LARSTONE AVE
PARK - ON BOULEVARD,50,2 LARSTONE AVE
PARK - ON BOULEVARD,50,158 STERLING RD
PARK - ON BOULEVARD,50,158 STERLING RD
PARK - ON BOULEVARD,50,58 PHOEBE ST
PARK - ON BOULEVARD,50,165 DYNEVOR RD
PARK - ON BOULEVARD,50,MAJOR ST
PARK - ON BOULEVARD,50,219 GERRARD ST E
PARK - ON BOULEVARD,50,219 GERRARD ST E
PARK - ON BOULEVARD,50,219 GERRARD ST E
PARK - ON BOULEVARD,50,312 DOUGLAS AVE
PARK - ON BOULEVARD,50,DINGWALL AVE
PARK - ON BOULEVARD,50,317 APACHE TRL
PARK - ON BOULEVARD,50,128 BALDWIN ST
PARK - ON BOULEVARD,50,366 BAY MILLS BLVD
PARK - ON BOULEVARD,50,364 BAY MILLS BLVD
PARK - ON BOULEVARD,50,219 GERRARD ST E
PARK - ON BOULEVARD,50,219 GERRARD ST E
PARK - ON BOULEVARD,50,TROLLEY CRES
PARK - ON BOULEVARD,0,49 WINDHILL CRES
PARK - ON BOULEVARD,50,312 DOUGLAS AVE
PARK - ON BOULEVARD,50,375 BAY MILLS BLVD
PARK - ON BOULEVARD,50,BAIN AVE
PARK - ON BOULEVARD,50,DINGWALL AVE
PARK - ON BOULEVARD,50,219 GERRARD ST E
PARK - ON BOULEVARD,50,219 GERRARD ST E
PARK - ON BOULEVARD,50,55 BIGHAM CRES
PARK - ON BOULEVARD,50,312 DOUGLAS AVE
PARK - ON BOULEVARD,50,9 ALBANY AVE
PARK - ON BOULEVARD,50,TROLLEY CRES
PARK - ON BOULEVARD,50,TROLLEY CRES
PARK - ON BOULEVARD,50,TROLLEY CRES
PARK - ON BOULEVARD,50,375 BAY MILLS BLVD
PARK - ON BOULEVARD,50,1 JILLSON AVE
PARK - ON BOULEVARD,50,1 JILLSON AVE
PARK - ON BOULEVARD,50,TROLLEY CRES
PARK - ON BOULEVARD,50,TROLLEY CRES
PARK - ON BOULEVARD,50,TROLLEY CRES
PARK - ON BOULEVARD,50,51 TROLLEY CRES
PARK - ON BOULEVARD,50,219 GERRARD ST E
PARK - ON BOULEVARD,50,219 GERRARD ST E
PARK - ON BOULEVARD,50,219 GERRARD ST E
PARK - ON BOULEVARD,50,219 GERRARD ST E
PARK - ON BOULEVARD,50,TROLLEY CRES
PARK - ON BOULEVARD,50,109 OSBORNE AVE
PARK - ON BOULEVARD,50,DINGWALL AVE
PARK - ON BOULEVARD,50,312 DOUGLAS AVE
PARK - ON BOULEVARD,50,54 ALHART DR
PARK - ON BOULEVARD,50,3 SELBY ST
PARK - ON BOULEVARD,50,5 MATTARI CRT
PARK - ON BOULEVARD,50,51 TROLLEY CRES
PARK - ON BOULEVARD,50,491 PARLIAMENT ST
PARK - ON BOULEVARD,50,RICHARDSON AVE
PARK - ON BOULEVARD,50,RICHARDSON AVE
PARK - ON BOULEVARD,50,CENTRE AVE
PARK - ON BOULEVARD,50,12 BRANT ST
PARK - ON BOULEVARD,50,54 GROVE AVE
PARK - ON BOULEVARD,50,35 CAMDEN ST
PARK - ON BOULEVARD,50,29 CAMDEN ST
PARK - ON BOULEVARD,50,688 RICHMOND ST W
PARK - ON BOULEVARD,50,258 CHAPLIN CRES
PARK - ON BOULEVARD,50,330 HIGH PARK AVE
PARK - ON BOULEVARD,50,3 TECUMSETH ST
PARK - ON BOULEVARD,50,19 WADE AVE
PARK - ON BOULEVARD,50,312 DOUGLAS AVE
PARK - ON BOULEVARD,50,312 DOUGLAS AVE
PARK - ON BOULEVARD,50,138 BRAEMAR AVE
PARK - ON BOULEVARD,50,339 MARGUERETTA ST
PARK - ON BOULEVARD,50,312 DOUGLAS AVE
PARK - ON BOULEVARD,50,89 MARCOS BLVD
PARK - ON BOULEVARD,50,RICHARDSON ST
PARK - ON BOULEVARD,50,RICHARDSON ST
PARK - ON BOULEVARD,50,312 DOUGLAS AVE
PARK - ON BOULEVARD,50,43 BIGHAM CRES
PARK - ON BOULEVARD,50,41 PETIOLE RD
PARK - ON BOULEVARD,50,73 BLOSSOM CRES
PARK - ON BOULEVARD,50,OLD BREWERY LANE
PARK - ON BOULEVARD,50,OLD BREWERY LANE
PARK - ON BOULEVARD,50,OLD BREWERY LANE
PARK - ON BOULEVARD,50,RICHARDSON ST
PARK - ON BOULEVARD,50,PORTLAND ST
PARK - ON BOULEVARD,50,2 MARKET ST
PARK - ON BOULEVARD,50,256 SOUDAN AVE
PARK - ON BOULEVARD,50,18 MERIDIAN RD
PARK - ON BOULEVARD,50,5 WADE AVE
PARK - ON BOULEVARD,50,597 PHARMACY AVE
PARK - ON BOULEVARD,50,SEATON ST
PARK - ON BOULEVARD,50,SEATON ST
PARK - ON BOULEVARD,50,SEATON ST
PARK - ON BOULEVARD,50,SEATON ST
PARK - ON BOULEVARD,50,82 WALLACE AVE
PARK - ON BOULEVARD,50,9 TEMPERANCE ST
PARK - ON BOULEVARD,50,20 WIDMER ST
PARK - ON BOULEVARD,50,375 BLEECKER ST
PARK - ON BOULEVARD,50,20 WIDMER ST
PARK - ON BOULEVARD,50,20 WIDMER ST
PARK - ON BOULEVARD,50,132 ARLINGTON AVE
PARK - ON BOULEVARD,50,CATHER CRES
PARK - ON BOULEVARD,50,CATHER CRES
PARK - ON BOULEVARD,50,CATHER CRES
PARK - ON BOULEVARD,50,CATHER CRES
PARK - ON BOULEVARD,50,CATHER CRES
PARK - ON BOULEVARD,50,CATHER CRES
PARK - ON BOULEVARD,50,CATHER CRES
PARK - ON BOULEVARD,50,CATHER CRES
PARK - ON BOULEVARD,50,CATHER CRES
PARK - ON BOULEVARD,50,CATHER CRES
PARK - ON BOULEVARD,50,CATHER CRES
PARK - ON BOULEVARD,50,CATHER CRES
PARK - ON BOULEVARD,50,CATHER CRES
PARK - ON BOULEVARD,50,CATHER CRES
PARK - ON BOULEVARD,50,CATHER CRES
PARK - ON BOULEVARD,50,2922 ISLINGTON AVENUE
PARK - ON BOULEVARD,50,3 TECUMSETH ST
PARK - ON BOULEVARD,50,12 WINDWOOD DR
PARK - ON BOULEVARD,50,20 ST ANDREW ST
PARK - ON BOULEVARD,50,20 ST ANDREW ST
PARK - ON BOULEVARD,50,213 STERLING RD
PARK - ON BOULEVARD,50,17 COVE DR
PARK - ON BOULEVARD,50,52 RINGWAY CRES
PARK - ON BOULEVARD,50,30 ROWANWOOD AVE
PARK - ON BOULEVARD,50,219 GERRARD ST E
PARK - ON BOULEVARD,50,RICHARDSON ST
PARK - ON BOULEVARD,50,219 GERRARD ST E
PARK - ON BOULEVARD,50,168 STERLING RD
PARK - ON BOULEVARD,50,168 STERLING RD
PARK - ON BOULEVARD,50,279 SIMCOE ST
PARK - ON BOULEVARD,50,LAWRENCE AVE E
PARK - ON BOULEVARD,50,CLINTON ST
PARK - ON BOULEVARD,50,1 WALMER RD
PARK - ON BOULEVARD,50,149 AUGUSTA AVE
PARK - ON BOULEVARD,50,GEORGE ST
PARK - ON BOULEVARD,50,GEORGE ST
PARK - ON BOULEVARD,50,451 SHAW ST
PARK - ON BOULEVARD,50,TROLLEY CRES
PARK - ON BOULEVARD,50,TROLLEY CRES
PARK - ON BOULEVARD,50,TROLLEY CRES
PARK - ON BOULEVARD,50,TROLLEY CRES
PARK - ON BOULEVARD,50,211 GERRARD ST E
PARK - ON BOULEVARD,50,211 GERRARD ST E
PARK - ON BOULEVARD,50,211 GERRARD ST E
PARK - ON BOULEVARD,50,510 CENTENNIAL RD N
PARK - ON BOULEVARD,50,510 CENTENNIAL RD N
PARK - ON BOULEVARD,50,32 CALUMET CRES
PARK - ON BOULEVARD,50,336 BAY MILLS BLVD
PARK - ON BOULEVARD,50,6 ANNDALE DR
PARK - ON BOULEVARD,50,1246 SHAW ST
PARK - ON BOULEVARD,50,65 DANE AVE
PARK - ON BOULEVARD,50,OLD BREWERY LANE
PARK - ON BOULEVARD,50,OLD BREWERY LANE
PARK - ON BOULEVARD,50,OLD BREWERY LANE
PARK - ON BOULEVARD,50,BLEECKER ST
PARK - ON BOULEVARD,50,20 BALDWIN ST
PARK - ON BOULEVARD,50,254 NIAGARA ST
PARK - ON BOULEVARD,50,688 RICHMOND ST W
PARK - ON BOULEVARD,50,438 QUEEN ST W
PARK - ON BOULEVARD,50,45 LISGAR ST
PARK - ON BOULEVARD,50,12 BRANT ST
PARK - ON BOULEVARD,50,430 QUEEN ST W
PARK - ON BOULEVARD,50,TROLLEY CRES
PARK - ON BOULEVARD,50,339 MARGUERETTA ST
PARK - ON BOULEVARD,50,123 BROCK AVE
PARK - ON BOULEVARD,50,10 BROCK AVE
PARK - ON BOULEVARD,50,1 SCOTT RD
PARK - ON BOULEVARD,50,106 DOVERCOURT RD
PARK - ON BOULEVARD,50,106 DOVERCOURT RD
PARK - ON BOULEVARD,50,1 JILLSON AVE
PARK - ON BOULEVARD,50,1 JILLSON AVE
PARK - ON BOULEVARD,50,1 JILLSON AVE
PARK - ON BOULEVARD,50,57 CROCKFORD BLVD
PARK - ON BOULEVARD,50,SEATON ST
PARK - ON BOULEVARD,50,SEATON ST
PARK - ON BOULEVARD,50,SEATON ST
PARK - ON BOULEVARD,50,6 MID PINES RD
PARK - ON BOULEVARD,50,83 CONN SMYTHE DR
PARK - ON BOULEVARD,50,100 CONN SMYTHE DR
PARK - ON BOULEVARD,50,106 CONN SMYTHE DR
PARK - ON BOULEVARD,50,TROLLEY CRES
PARK - ON BOULEVARD,50,20 MAIDSTONE ST
PARK - ON BOULEVARD,50,SEATON ST
PARK - ON BOULEVARD,50,SEATON ST
PARK - ON BOULEVARD,50,SEATON ST
PARK - ON BOULEVARD,50,51 BORNHOLM DR
PARK - ON BOULEVARD,50,1880 JANE ST
PARK - ON BOULEVARD,50,111 SANDYHOOK SQ
PARK - ON BOULEVARD,50,RICHARDSON ST
PARK - ON BOULEVARD,50,TROLLEY CRES
PARK - ON BOULEVARD,50,TROLLEY CRES
PARK - ON BOULEVARD,50,TROLLEY CRES
PARK - ON BOULEVARD,50,51 TROLLEY CRES
PARK - ON BOULEVARD,50,DURIE ST
PARK - ON BOULEVARD,50,50 SCOLLARD ST
PARK - ON BOULEVARD,50,51 TROLLEY CRES
PARK - ON BOULEVARD,50,SUSSEX AVE
PARK - ON BOULEVARD,50,145 EIGHTH ST
PARK - ON BOULEVARD,50,145 EIGHTH ST
PARK - ON BOULEVARD,50,145 EIGHTH ST
PARK - ON BOULEVARD,50,145 EIGHTH ST
PARK - ON BOULEVARD,50,145 EIGHTH ST
PARK - ON BOULEVARD,50,145 EIGHTH ST
PARK - ON BOULEVARD,50,GEORGE ST
PARK - ON BOULEVARD,50,SEATON ST
PARK - ON BOULEVARD,50,SEATON ST
PARK - ON BOULEVARD,50,SEATON ST
PARK - ON BOULEVARD,50,TROLLEY CRES
PARK - ON BOULEVARD,50,TROLLEY CRES
PARK - ON BOULEVARD,50,TROLLEY CRES
PARK - ON BOULEVARD,50,29 PEMBROKE ST
PARK - ON BOULEVARD,50,TROLLEY CRES
PARK - ON BOULEVARD,50,TROLLEY CRES
PARK - ON BOULEVARD,50,TROLLEY CRES
PARK - ON BOULEVARD,50,LOWER RIVER ST
PARK - ON BOULEVARD,50,LOWER RIVER ST
PARK - ON BOULEVARD,50,LOWER RIVER ST
PARK - ON BOULEVARD,50,TROLLEY CRES
PARK - ON BOULEVARD,50,SEATON ST
PARK - ON BOULEVARD,50,50 CARROLL ST
PARK - ON BOULEVARD,50,34 KENFIN AVE
PARK - ON BOULEVARD,50,17 CLANCY DR
PARK - ON BOULEVARD,50,88 SILAS HILL DR
PARK - ON BOULEVARD,50,255 CHEROKEE BLVD
PARK - ON BOULEVARD,50,DURIE ST
PARK - ON BOULEVARD,50,DURIE ST
PARK - ON BOULEVARD,50,TROLLEY CRES
PARK - ON BOULEVARD,50,TROLLEY CRES
PARK - ON BOULEVARD,50,TROLLEY CRES
PARK - ON BOULEVARD,50,TROLLEY CRES
PARK - ON BOULEVARD,50,DURIE ST
PARK - ON BOULEVARD,50,213 STERLING RD
PARK - ON BOULEVARD,50,301 GEORGE ST
PARK - ON BOULEVARD,50,TROLLEY CRES
PARK - ON BOULEVARD,50,1 JILLSON AVE
PARK - ON BOULEVARD,50,RICHARDSON ST
PARK - ON BOULEVARD,50,RICHARDSON ST
PARK - ON BOULEVARD,50,240 DANFORTH AVE
PARK - ON BOULEVARD,50,162 WINNETT AVE
PARK - ON BOULEVARD,50,11 LINDEN ST
PARK - ON BOULEVARD,50,50 ARGYLE ST
PARK - ON BOULEVARD,50,OLD BREWERY LANE
PARK - ON BOULEVARD,50,19 WARD ST
PARK - ON BOULEVARD,50,171 EAST LIBERTY ST
PARK - ON BOULEVARD,50,CLINTON ST
PARK - ON BOULEVARD,50,GEORGE ST
PARK - ON BOULEVARD,50,GEORGE ST
PARK - ON BOULEVARD,50,258 CHAPLIN CRES
PARK - ON BOULEVARD,50,TROLLEY CRES
PARK - ON BOULEVARD,50,TROLLEY CRES
PARK - ON BOULEVARD,50,TROLLEY CRES
PARK - ON BOULEVARD,50,138 BRAEMAR AVE
PARK - ON BOULEVARD,50,DURIE ST
PARK - ON BOULEVARD,50,LOWER RIVER ST
PARK - ON BOULEVARD,50,LOWER RIVER ST
PARK - ON BOULEVARD,50,LOWER RIVER ST
PARK - ON BOULEVARD,50,530 EASTERN AVE
PARK - ON BOULEVARD,50,1 JACOB FISHER DR
PARK - ON BOULEVARD,50,107 PORTLAND ST
PARK - ON BOULEVARD,50,10 PROVENCE TRL
PARK - ON BOULEVARD,50,120 CHERRYLAWN AVE
PARK - ON BOULEVARD,50,OLD BREWERY LANE
PARK - ON BOULEVARD,50,76 SHERRY RD
PARK - ON BOULEVARD,50,76 SHERRY RD
PARK - ON BOULEVARD,50,RICHARDSON ST
PARK - ON BOULEVARD,50,RICHARDSON ST
PARK - ON BOULEVARD,50,108 DUNVEGAN RD
PARK - ON BOULEVARD,50,108 DUNVEGAN RD
PARK - ON BOULEVARD,50,108 DUNVEGAN RD
PARK - ON BOULEVARD,50,84 GLENDOWER CRCT
PARK - ON BOULEVARD,50,OLD BREWERY LANE
PARK - ON BOULEVARD,50,OLD BREWERY LANE
PARK - ON BOULEVARD,50,VIA ITALIA
PARK - ON BOULEVARD,50,60 RICHMOND ST W
PARK - ON BOULEVARD,50,99 SUDBURY ST
PARK - ON BOULEVARD,50,660 RICHMOND ST W
PARK - ON BOULEVARD,50,660 RICHMOND ST W
PARK - ON BOULEVARD,50,15 SHEFFIELD ST
PARK - ON BOULEVARD,50,213 STERLING RD
PARK - ON BOULEVARD,50,213 STERLING RD
PARK - ON BOULEVARD,50,213 STERLING RD
PARK - ON BOULEVARD,50,163 STERLING RD
PARK - ON BOULEVARD,50,3 DYNEVOR RD
PARK - ON BOULEVARD,50,57 CROCKFORD BLVD
PARK - ON BOULEVARD,50,59 CROCKFORD BLVD
PARK - ON BOULEVARD,50,DURIE ST
PARK - ON BOULEVARD,50,10 DUBLIN ST
PARK - ON BOULEVARD,50,SEATON ST
PARK - ON BOULEVARD,50,797 SHAW ST
PARK - ON BOULEVARD,50,493 BROWN'S LINE
PARK - ON BOULEVARD,50,ARENA ST
PARK - ON BOULEVARD,50,48 HASBROOKE DR
PARK - ON BOULEVARD,50,352 BAY MILLS BLVD
PARK - ON BOULEVARD,50,202 OSSINGTON AVE
PARK - ON BOULEVARD,50,219 GERRARD ST E
PARK - ON BOULEVARD,50,10 TUSCARORA DR
PARK - ON BOULEVARD,50,90 WICKSTEED AVE
PARK - ON BOULEVARD,50,LAKE SHORE BLVD E
PARK - ON BOULEVARD,50,LAKE SHORE BLVD E
PARK - ON BOULEVARD,50,LAKE SHORE BLVD E
PARK - ON BOULEVARD,50,LAKE SHORE BLVD E
PARK - ON BOULEVARD,50,LAKE SHORE BLVD E
PARK - ON BOULEVARD,50,LAKE SHORE BLVD E
PARK - ON BOULEVARD,50,LAKE SHORE BLVD E
PARK - ON BOULEVARD,50,LAKE SHORE BLVD E
PARK - ON BOULEVARD,50,LAKE SHORE BLVD E
PARK - ON BOULEVARD,50,LAKE SHORE BLVD E
PARK - ON BOULEVARD,50,LAKE SHORE BLVD E
PARK - ON BOULEVARD,50,LAKE SHORE BLVD E
PARK - ON BOULEVARD,50,LAKE SHORE BLVD E
PARK - ON BOULEVARD,50,DURIE ST
PARK - ON BOULEVARD,50,167 ARLINGTON AVE
PARK - ON BOULEVARD,50,149 EVERDEN RD
PARK - ON BOULEVARD,50,660 RICHMOND ST W
PARK - ON BOULEVARD,50,660 RICHMOND ST W
PARK - ON BOULEVARD,50,56 GROVE AVE
PARK - ON BOULEVARD,50,56 GROVE AVE
PARK - ON BOULEVARD,50,83 O'CONNOR DR
PARK - ON BOULEVARD,50,163 STERLING RD
PARK - ON BOULEVARD,50,163 STERLING RD
PARK - ON BOULEVARD,50,163 STERLING RD
PARK - ON BOULEVARD,50,163 STERLING RD
PARK - ON BOULEVARD,50,213 STERLING RD
PARK - ON BOULEVARD,50,213 STERLING RD
PARK - ON BOULEVARD,50,213 STERLING RD
PARK - ON BOULEVARD,50,213 STERLING RD
PARK - ON BOULEVARD,50,213 STERLING RD
PARK - ON BOULEVARD,50,213 STERLING RD
PARK - ON BOULEVARD,50,213 STERLING RD
PARK - ON BOULEVARD,50,213 STERLING RD
PARK - ON BOULEVARD,50,213 STERLING RD
PARK - ON BOULEVARD,50,213 STERLING RD
PARK - ON BOULEVARD,50,213 STERLING RD
PARK - ON BOULEVARD,50,9 PERTH AVE
PARK - ON BOULEVARD,50,50 CARROLL ST
PARK - ON BOULEVARD,50,62 TORO RD
PARK - ON BOULEVARD,50,TROLLEY CRES
PARK - ON BOULEVARD,50,77 CROCKFORD BLVD
PARK - ON BOULEVARD,50,59 CROCKFORD BLVD
PARK - ON BOULEVARD,50,213 STERLING RD
PARK - ON BOULEVARD,50,213 STERLING RD
PARK - ON BOULEVARD,50,213 STERLING RD
PARK - ON BOULEVARD,50,158 STERLING RD
PARK - ON BOULEVARD,50,158 STERLING RD
PARK - ON BOULEVARD,50,158 STERLING RD
PARK - ON BOULEVARD,50,158 STERLING RD
PARK - ON BOULEVARD,50,158 STERLING RD
PARK - ON BOULEVARD,50,158 STERLING RD
PARK - ON BOULEVARD,50,158 STERLING RD
PARK - ON BOULEVARD,50,158 STERLING RD
PARK - ON BOULEVARD,50,SEATON ST
PARK - ON BOULEVARD,50,SYMES RD
PARK - ON BOULEVARD,50,SYMES RD
PARK - ON BOULEVARD,50,11 MOOREGATE AVE
PARK - ON BOULEVARD,50,1 JILLSON AVE
PARK - ON BOULEVARD,50,DURIE ST
PARK - ON BOULEVARD,50,DURIE ST
PARK - ON BOULEVARD,50,VARNA DR
PARK - ON BOULEVARD,50,VARNA DR
PARK - ON BOULEVARD,50,VARNA DR
PARK - ON BOULEVARD,50,VARNA DR
PARK - ON BOULEVARD,50,213 STERLING RD
PARK - ON BOULEVARD,50,213 STERLING RD
PARK - ON BOULEVARD,50,53 CRISPIN CRES
PARK - ON BOULEVARD,50,16 CHURCH ST
PARK - ON BOULEVARD,50,7 BREADALBANE ST
PARK - ON BOULEVARD,50,29 CAMDEN ST
PARK - ON BOULEVARD,50,430 QUEEN ST W
PARK - ON BOULEVARD,50,115 MINTWOOD DR
PARK - ON BOULEVARD,50,SEATON ST
PARK - ON BOULEVARD,50,SEATON ST
PARK - ON BOULEVARD,50,164 OLD FINCH AVE
PARK - ON BOULEVARD,50,17 SISKIN TER
PARK - ON BOULEVARD,50,1 JILLSON AVE
PARK - ON BOULEVARD,50,1689 ST CLAIR AVE W
PARK - ON BOULEVARD,50,63 BELLWOODS AVE
PARK - ON BOULEVARD,50,430 QUEEN ST W
PARK - ON BOULEVARD,50,47 PARROTTA DR
PARK - ON BOULEVARD,50,GRACE ST
PARK - ON BOULEVARD,50,1 JILLSON AVE
PARK - ON BOULEVARD,50,1 JILLSON AVE
PARK - ON BOULEVARD,50,1 JILLSON AVE
PARK - ON BOULEVARD,50,123 BARTON AVE
PARK - ON BOULEVARD,50,SUSSEX AVE
PARK - ON BOULEVARD,50,216 CLOSE AVE
PARK - ON BOULEVARD,50,19 LAKE SHORE BLVD W
PARK - ON BOULEVARD,50,19 LAKE SHORE BLVD W
PARK - ON BOULEVARD,50,LAKE SHORE BLVD W
PARK - ON BOULEVARD,50,LAKE SHORE BLVD W
PARK - ON BOULEVARD,50,LAKE SHORE BLVD W
PARK - ON BOULEVARD,50,LAKE SHORE BLVD W
PARK - ON BOULEVARD,50,219 GERRARD ST E
PARK - ON BOULEVARD,50,219 GERRARD ST E
PARK - ON BOULEVARD,50,189 HIGHBOURNE RD
PARK - ON BOULEVARD,50,4 GRANBY ST
PARK - ON BOULEVARD,50,1 MONCRIEFF DR
PARK - ON BOULEVARD,50,TROLLEY CRES
PARK - ON BOULEVARD,50,219 GERRARD ST E
PARK - ON BOULEVARD,50,219 GERRARD ST E
PARK - ON BOULEVARD,50,213 STERLING RD
PARK - ON BOULEVARD,50,90 WICKSTEED AVE
PARK - ON BOULEVARD,50,90 WICKSTEED AVE
PARK - ON BOULEVARD,50,90 WICKSTEED AVE
PARK - ON BOULEVARD,50,90 WICKSTEED AVE
PARK - ON BOULEVARD,50,62 BRANSTONE RD
PARK - ON BOULEVARD,50,BREADALBANE ST
PARK - ON BOULEVARD,50,416 COLLEGE ST
PARK - ON BOULEVARD,50,29 CAMDEN ST
PARK - ON BOULEVARD,50,205 FREDERICK ST
PARK - ON BOULEVARD,50,205 FREDERICK ST
PARK - ON BOULEVARD,50,185 FREDERICK ST
PARK - ON BOULEVARD,50,430 QUEEN ST W
PARK - ON BOULEVARD,50,65 ST MARY ST
PARK - ON BOULEVARD,50,730 ST CLARENS AVE
PARK - ON BOULEVARD,50,83 CLARION RD
PARK - ON BOULEVARD,50,SEATON ST
PARK - ON BOULEVARD,50,SEATON ST
PARK - ON BOULEVARD,50,219 GERRARD ST E
PARK - ON BOULEVARD,50,320 UNWIN AVE
PARK - ON BOULEVARD,50,320 UNWIN AVE
PARK - ON BOULEVARD,50,320 UNWIN AVE
PARK - ON BOULEVARD,50,320 UNWIN AVE
PARK - ON BOULEVARD,50,320 UNWIN AVE
PARK - ON BOULEVARD,50,730 ST CLARENS AVE
PARK - ON BOULEVARD,50,348 BLACKTHORN AVE
PARK - ON BOULEVARD,50,24 FENMAR DR
PARK - ON BOULEVARD,50,OLD BREWERY LANE
PARK - ON BOULEVARD,50,OLD BREWERY LANE
PARK - ON BOULEVARD,50,DALHOUSIE ST
PARK - ON BOULEVARD,50,150 ELIZABETH ST
PARK - ON BOULEVARD,50,279 SIMCOE ST
