infraction_description 	 set_fine_amount 	 location2
PARK IN A FIRE ROUTE 	 250 	 2352 ST CLAIR AVE W
PARK IN A FIRE ROUTE 	 250 	 4001 LESLIE ST
PARK IN A FIRE ROUTE 	 250 	 6 VENA WAY
PARK IN A FIRE ROUTE 	 250 	 55 OUTLOOK AVE
PARK IN A FIRE ROUTE 	 250 	 55 OUTLOOK AVE
PARK IN A FIRE ROUTE 	 250 	 65 THOMAS MULHOLLAND DR
PARK IN A FIRE ROUTE 	 250 	 60 RAPONI CRCL
PARK IN A FIRE ROUTE 	 250 	 60 RAPONI CRCL
PARK IN A FIRE ROUTE 	 250 	 60 RAPONI CRCL
PARK IN A FIRE ROUTE 	 250 	 10 SAN ROMANOWAY
PARK IN A FIRE ROUTE 	 250 	 76 CASTLEBURY CRES
PARK IN A FIRE ROUTE 	 250 	 555 THE WEST MALL
PARK IN A FIRE ROUTE 	 250 	 20 GODSTONE RD
PARK IN A FIRE ROUTE 	 250 	 20 GODSTONE RD
PARK IN A FIRE ROUTE 	 250 	 70 TOWN CENTRE CRT
PARK IN A FIRE ROUTE 	 250 	 21 LIVONIA PL
PARK IN A FIRE ROUTE 	 250 	 70 TOWN CENTRE CRT
PARK IN A FIRE ROUTE 	 250 	 60 TOWN CENTRE CRT
PARK IN A FIRE ROUTE 	 250 	 21 ICEBOAT TER
PARK IN A FIRE ROUTE 	 250 	 21 ICEBOAT TER
PARK IN A FIRE ROUTE 	 250 	 15 ICEBOAT TER
PARK IN A FIRE ROUTE 	 250 	 715 DON MILLS RD
PARK IN A FIRE ROUTE 	 250 	 4001 LESLIE ST
PARK IN A FIRE ROUTE 	 250 	 219 FORT YORK BLVD
PARK IN A FIRE ROUTE 	 250 	 30 FIELDWAY RD
PARK IN A FIRE ROUTE 	 250 	 2425 JANE ST
PARK IN A FIRE ROUTE 	 250 	 4001 LESLIE ST
PARK IN A FIRE ROUTE 	 250 	 30 DENARDA ST
PARK IN A FIRE ROUTE 	 250 	 1270 FINCH AVE WEST 
PARK IN A FIRE ROUTE 	 250 	 4662 KINGSTON RD
PARK IN A FIRE ROUTE 	 250 	 275 MAIN ST
PARK IN A FIRE ROUTE 	 250 	 275 MAIN ST
PARK IN A FIRE ROUTE 	 250 	 345 THE EAST MALL
PARK IN A FIRE ROUTE 	 250 	 21 ICEBOAT TER
PARK IN A FIRE ROUTE 	 250 	 325 BOGERT AVENUE
PARK IN A FIRE ROUTE 	 250 	 1333 SHEPPARD AVE EAST
PARK IN A FIRE ROUTE 	 250 	 4001 LESLIE
PARK IN A FIRE ROUTE 	 250 	 1333 SHEPPARD AVE E
PARK IN A FIRE ROUTE 	 250 	 428 ELLESMERE RD
PARK IN A FIRE ROUTE 	 250 	 428 ELLESMERE RD
PARK IN A FIRE ROUTE 	 250 	 85 ELLESMERE RD
PARK IN A FIRE ROUTE 	 250 	 85 ELLESMERE RD
PARK IN A FIRE ROUTE 	 250 	 85 ELLESMERE RD
PARK IN A FIRE ROUTE 	 250 	 85 ELLESMERE RD
PARK IN A FIRE ROUTE 	 250 	 225 VAN HORNE AVE
PARK IN A FIRE ROUTE 	 250 	 1571 SANDHURST CRCL
PARK IN A FIRE ROUTE 	 250 	 15 ICEBOAT TER
PARK IN A FIRE ROUTE 	 250 	 22 TELEGRAM MEWS
PARK IN A FIRE ROUTE 	 250 	 8 TELEGRAM MEWS
PARK IN A FIRE ROUTE 	 250 	 70 TOWN CENTRE COURT
PARK IN A FIRE ROUTE 	 250 	 121 MCMAHON DR
PARK IN A FIRE ROUTE 	 250 	 739 BIRCHMOUNT RD
PARK IN A FIRE ROUTE 	 250 	 121 MCMAHON DR
PARK IN A FIRE ROUTE 	 250 	 5661 STEELES AVE E
PARK IN A FIRE ROUTE 	 250 	 280 WELLESLEY ST E
PARK IN A FIRE ROUTE 	 250 	 700 ONTARIO ST
PARK IN A FIRE ROUTE 	 250 	 15 SINGER CRT
PARK IN A FIRE ROUTE 	 250 	 33 SINGER CRT
PARK IN A FIRE ROUTE 	 250 	 30 GORDONRIDGE PL
PARK IN A FIRE ROUTE 	 250 	 3850 SHEPPARD AV E
PARK IN A FIRE ROUTE 	 250 	 41 ANTRIM CRES
PARK IN A FIRE ROUTE 	 250 	 80 FOREST MANOR RD
PARK IN A FIRE ROUTE 	 250 	 120 DUNDALK DR
PARK IN A FIRE ROUTE 	 250 	 85 ELLESMERE RD
PARK IN A FIRE ROUTE 	 250 	 10 MARTHA EATON WAY
PARK IN A FIRE ROUTE 	 250 	 10 MARTHA EATON WAY
PARK IN A FIRE ROUTE 	 250 	 4001 LESLIE ST 
PARK IN A FIRE ROUTE 	 250 	 3050 LAWRENCE AVENUE EAST
PARK IN A FIRE ROUTE 	 250 	 30 CARNATION AVE
PARK IN A FIRE ROUTE 	 250 	 5 MARINER TER
PARK IN A FIRE ROUTE 	 250 	 5 MARINER TER
PARK IN A FIRE ROUTE 	 250 	 550 BIRCHMOUNT RD
PARK IN A FIRE ROUTE 	 250 	 4001 LESLIE ST
PARK IN A FIRE ROUTE 	 250 	 428 ELLESMERE RD
PARK IN A FIRE ROUTE 	 250 	 85 ELLESMERE RD
PARK IN A FIRE ROUTE 	 250 	 4001 LESLIE ST
PARK IN A FIRE ROUTE 	 250 	 20 GRAYDON HALL DR
PARK IN A FIRE ROUTE 	 250 	 25 VIEWCREST CRCL
PARK IN A FIRE ROUTE 	 250 	 219 FORT YORK BLVD
PARK IN A FIRE ROUTE 	 250 	 10 RODDA BLVD
PARK IN A FIRE ROUTE 	 250 	 240 WELLESLEY ST E
PARK IN A FIRE ROUTE 	 250 	 115 TORBARRIE RD
PARK IN A FIRE ROUTE 	 250 	 115 TORBARRIE RD
PARK IN A FIRE ROUTE 	 250 	 1360 DANFORTH RD
PARK IN A FIRE ROUTE 	 250 	 4 FOREST LANEWAY
PARK IN A FIRE ROUTE 	 250 	 160 HORNER AVE
PARK IN A FIRE ROUTE 	 250 	 4001 LESLIE ST
PARK IN A FIRE ROUTE 	 250 	 5 BALMORAL AVE
PARK IN A FIRE ROUTE 	 250 	 1443 YONGE ST
PARK IN A FIRE ROUTE 	 250 	 280 WELLESLEY ST E
PARK IN A FIRE ROUTE 	 250 	 260 WELLESLEY ST E
PARK IN A FIRE ROUTE 	 250 	 31 TAPSCOTT RD
PARK IN A FIRE ROUTE 	 250 	 5085 SHEPPARD AVE E
PARK IN A FIRE ROUTE 	 250 	 5085 SHEPPARD AVE E
PARK IN A FIRE ROUTE 	 250 	 280 WELLESLEY ST E
PARK IN A FIRE ROUTE 	 250 	 320 DIXON RD
PARK IN A FIRE ROUTE 	 250 	 320 DIXON RD
PARK IN A FIRE ROUTE 	 250 	 260 WEATHERELL ST
PARK IN A FIRE ROUTE 	 250 	 59 WATERFORD DR
PARK IN A FIRE ROUTE 	 250 	 59 WATERFORD DR
PARK IN A FIRE ROUTE 	 250 	 240 WELLESLEY ST E
PARK IN A FIRE ROUTE 	 250 	 240 WELLESLEY ST E
PARK IN A FIRE ROUTE 	 250 	 280 WELLESLEY ST E
PARK IN A FIRE ROUTE 	 250 	 1090 DON MILLS RD
PARK IN A FIRE ROUTE 	 250 	 1090 DON MILLS RD
PARK IN A FIRE ROUTE 	 250 	 1090 DON MILLS RD
PARK IN A FIRE ROUTE 	 250 	 6 FOUNDRY AVE
PARK IN A FIRE ROUTE 	 250 	 15 ICEBOAT TER
PARK IN A FIRE ROUTE 	 250 	 15 ICEBOAT TER
PARK IN A FIRE ROUTE 	 250 	 15 ICEBOAT TER
PARK IN A FIRE ROUTE 	 250 	 15 ICEBOAT TER
PARK IN A FIRE ROUTE 	 250 	 2555 PROVENCE TRAIL
PARK IN A FIRE ROUTE 	 250 	 25-55 PROVENCE TRAIL
PARK IN A FIRE ROUTE 	 250 	 2900 WARDEN AVE
PARK IN A FIRE ROUTE 	 250 	 880 ELLESMERE RD
PARK IN A FIRE ROUTE 	 250 	 117 A THE QUEENSWAY
PARK IN A FIRE ROUTE 	 250 	 85 ELLESMERE RD
PARK IN A FIRE ROUTE 	 250 	 85 ELLESMERE RD
PARK IN A FIRE ROUTE 	 250 	 10 GORDONRIDGE PL
PARK IN A FIRE ROUTE 	 250 	 10 GORDONRIDGE PL
PARK IN A FIRE ROUTE 	 250 	 1090 DON MILLS RD
PARK IN A FIRE ROUTE 	 250 	 1090 DON MILLS RD
PARK IN A FIRE ROUTE 	 250 	 1090 DON MILLS RD
PARK IN A FIRE ROUTE 	 250 	 187 MEDLAND ST
PARK IN A FIRE ROUTE 	 250 	 120 DUNDALK DR
PARK IN A FIRE ROUTE 	 250 	 12 SINGER CRT
PARK IN A FIRE ROUTE 	 250 	 41 ANTRIM CRES
PARK IN A FIRE ROUTE 	 250 	 120 DUNDALK DR
PARK IN A FIRE ROUTE 	 250 	 85 ELLESMERE RD
PARK IN A FIRE ROUTE 	 250 	 263 PHARMACY AVE
PARK IN A FIRE ROUTE 	 250 	 1075 ELLESMERE RD
PARK IN A FIRE ROUTE 	 250 	 1155 MIDLAND AVE
PARK IN A FIRE ROUTE 	 250 	 195 EXBURY RD
PARK IN A FIRE ROUTE 	 250 	 195 EXBURY RD
PARK IN A FIRE ROUTE 	 250 	 195 EXBURY RD
PARK IN A FIRE ROUTE 	 250 	 41 ANTRIM CRES
PARK IN A FIRE ROUTE 	 250 	 746 MIDLAND AVE
PARK IN A FIRE ROUTE 	 250 	 59 WATERFORD DR
PARK IN A FIRE ROUTE 	 250 	 1884 DAVENPORT RD
PARK IN A FIRE ROUTE 	 250 	 55 ANN O'REILLY RD
PARK IN A FIRE ROUTE 	 250 	 55 ANN O'REILLY RD
PARK IN A FIRE ROUTE 	 250 	 21 ICEBOAT TER
PARK IN A FIRE ROUTE 	 250 	 219 FORT YORK BLVD
PARK IN A FIRE ROUTE 	 250 	 1022 TANDRIDGE CRES
PARK IN A FIRE ROUTE 	 250 	 1022 TRANDRIDGE CRES
PARK IN A FIRE ROUTE 	 250 	 1014 TANRIDGE CRES
PARK IN A FIRE ROUTE 	 250 	 1014 TANRIDGE CRES
PARK IN A FIRE ROUTE 	 250 	 257 ROYWOOD DR
PARK IN A FIRE ROUTE 	 250 	 257 ROYWOOD DR
PARK IN A FIRE ROUTE 	 250 	 1780 EGLINTON AVE E
PARK IN A FIRE ROUTE 	 250 	 350 SPRUCEWOOD CRT
PARK IN A FIRE ROUTE 	 250 	 338 SPRUCEWOOD CRT
PARK IN A FIRE ROUTE 	 250 	 115 TORBARRIE RD
PARK IN A FIRE ROUTE 	 250 	 115 TORBARRIE RD
PARK IN A FIRE ROUTE 	 250 	 260 WELLESLEY ST E
PARK IN A FIRE ROUTE 	 250 	 240 WELLESLEY ST E
PARK IN A FIRE ROUTE 	 250 	 1808 SHEPPARD AVE E
PARK IN A FIRE ROUTE 	 250 	 4001 LESLIE ST
PARK IN A FIRE ROUTE 	 250 	 4001 LESLIE ST
PARK IN A FIRE ROUTE 	 250 	 2930 FINCH AVE E
PARK IN A FIRE ROUTE 	 250 	 265 MARKLAND DR
PARK IN A FIRE ROUTE 	 250 	 1090 DON MILLS RD
PARK IN A FIRE ROUTE 	 250 	 804 LANSDOWNE AVE
PARK IN A FIRE ROUTE 	 250 	 1090 DON MILLS RD
PARK IN A FIRE ROUTE 	 250 	 1090 DON MILLS RD
PARK IN A FIRE ROUTE 	 250 	 1090 DON MILLS RD
PARK IN A FIRE ROUTE 	 250 	 1090 DON MILLS RD
PARK IN A FIRE ROUTE 	 250 	 1090 DON MILLS RD
PARK IN A FIRE ROUTE 	 250 	 250 NINTH ST
PARK IN A FIRE ROUTE 	 250 	 700 ONTARIO ST
PARK IN A FIRE ROUTE 	 250 	 700 ONTARIO ST
PARK IN A FIRE ROUTE 	 250 	 1 SUMMERHILL RD
PARK IN A FIRE ROUTE 	 250 	 87 PARMA CT
PARK IN A FIRE ROUTE 	 250 	 880 ELLESMERE RD
PARK IN A FIRE ROUTE 	 250 	 32 WAKUNDA PL
PARK IN A FIRE ROUTE 	 250 	 880 ELLESMERE RD
PARK IN A FIRE ROUTE 	 250 	 22 WAKUNDA PL
PARK IN A FIRE ROUTE 	 250 	 120 DUNDALK DR
PARK IN A FIRE ROUTE 	 250 	 8 TELEGRAM MEWS
PARK IN A FIRE ROUTE 	 250 	 263 PHARMACY AVE
PARK IN A FIRE ROUTE 	 250 	 8 FOUNDRY AVE
PARK IN A FIRE ROUTE 	 250 	 8 FOUNDRY AVE
PARK IN A FIRE ROUTE 	 250 	 40 FALSTAFF AVE
PARK IN A FIRE ROUTE 	 250 	 1 DEAUVILLE LANE
PARK IN A FIRE ROUTE 	 250 	 5 MARINER TER
PARK IN A FIRE ROUTE 	 250 	 5 MARINER TER
PARK IN A FIRE ROUTE 	 250 	 5 MARINER TER
PARK IN A FIRE ROUTE 	 250 	 4001 LESLIE ST
PARK IN A FIRE ROUTE 	 250 	 3300 DON MILLS RD
PARK IN A FIRE ROUTE 	 250 	 31 TAPSCOTT RD
PARK IN A FIRE ROUTE 	 250 	 65 EMMETT AVE
PARK IN A FIRE ROUTE 	 250 	 31 TAPSCOTT RD
PARK IN A FIRE ROUTE 	 250 	 15 BROOKBANKS DR
PARK IN A FIRE ROUTE 	 250 	 1779 JANE ST
PARK IN A FIRE ROUTE 	 250 	 1779 JANE ST
PARK IN A FIRE ROUTE 	 250 	 1779 JANE ST
PARK IN A FIRE ROUTE 	 250 	 135 FENELON DR
PARK IN A FIRE ROUTE 	 250 	 251 CONSUMERS RD
PARK IN A FIRE ROUTE 	 250 	 8 TELEGRAM MEWS
PARK IN A FIRE ROUTE 	 250 	 8 TELEGRAM MEWS
PARK IN A FIRE ROUTE 	 250 	 8 TELEGRAM MEWS
PARK IN A FIRE ROUTE 	 250 	 8 TELEGRAM MEWS
PARK IN A FIRE ROUTE 	 250 	 8 TELEGRAM MEWS
PARK IN A FIRE ROUTE 	 250 	 257 ROYWOOD DR
PARK IN A FIRE ROUTE 	 250 	 257 ROYWOOD DR
PARK IN A FIRE ROUTE 	 250 	 1884 DAVENPORT RD
PARK IN A FIRE ROUTE 	 250 	 1090 DON MILLS RD
PARK IN A FIRE ROUTE 	 250 	 1090 DON MILLS RD
PARK IN A FIRE ROUTE 	 250 	 2 VENA WAY
PARK IN A FIRE ROUTE 	 250 	 1800 SHEPPARD AVE E
PARK IN A FIRE ROUTE 	 250 	 1800 SHEPPARD AVE E
PARK IN A FIRE ROUTE 	 250 	 4001 LESLIE ST
PARK IN A FIRE ROUTE 	 250 	 4001 LESLIE ST
PARK IN A FIRE ROUTE 	 250 	 4001 LESLIE ST
PARK IN A FIRE ROUTE 	 250 	 375 COOK RD
PARK IN A FIRE ROUTE 	 250 	 1800 SHEPPARD AVE E
PARK IN A FIRE ROUTE 	 250 	 40 FALSTAFF AVE
PARK IN A FIRE ROUTE 	 250 	 15 ICEBOAT TER
PARK IN A FIRE ROUTE 	 250 	 131 MINERVA AVE
PARK IN A FIRE ROUTE 	 250 	 30 GORDONRIDGE PL
PARK IN A FIRE ROUTE 	 250 	 5 BROCKLEY DR
PARK IN A FIRE ROUTE 	 250 	 1075 ELLESMERE RD
PARK IN A FIRE ROUTE 	 250 	 30 DUNDALK DR
PARK IN A FIRE ROUTE 	 250 	 1 EGLINTON SQ
PARK IN A FIRE ROUTE 	 250 	 1770 EGLINTON AVE E
PARK IN A FIRE ROUTE 	 250 	 1770 EGLINTON AVE E
PARK IN A FIRE ROUTE 	 250 	 1530 EGLINTON AVE E
PARK IN A FIRE ROUTE 	 250 	 1530 EGLINTON AVE E
PARK IN A FIRE ROUTE 	 250 	 5093 SHEPPARD AVE E
PARK IN A FIRE ROUTE 	 250 	 135 FENELON DR
PARK IN A FIRE ROUTE 	 250 	 10 NAVY WHARF CRT
PARK IN A FIRE ROUTE 	 250 	 15 ICEBOAT TER
PARK IN A FIRE ROUTE 	 250 	 555 REXDALE BLVD
PARK IN A FIRE ROUTE 	 250 	 20 WILLIAM KITCHEN RD
PARK IN A FIRE ROUTE 	 250 	 3266 WESTON RD
PARK IN A FIRE ROUTE 	 250 	 250 ALTON TOWERS CRCL
PARK IN A FIRE ROUTE 	 250 	 55 FOREST MANOR RD
PARK IN A FIRE ROUTE 	 250 	 2045 FINCH AVE W
PARK IN A FIRE ROUTE 	 250 	 200 SIR WILLIAM HEARST AVE
PARK IN A FIRE ROUTE 	 250 	 4700 KEELE ST
PARK IN A FIRE ROUTE 	 250 	 4700 KEELE ST
PARK IN A FIRE ROUTE 	 250 	 4700 KEELE ST
PARK IN A FIRE ROUTE 	 250 	 4700 KEELE ST
PARK IN A FIRE ROUTE 	 250 	 85 ELLESMERE RD
PARK IN A FIRE ROUTE 	 250 	 85 ELLESMERE RD
PARK IN A FIRE ROUTE 	 250 	 85 ELLESMERE RD
PARK IN A FIRE ROUTE 	 250 	 19 COLONEL SAMUEL SMITH PARK DRIVE
PARK IN A FIRE ROUTE 	 250 	 1780 VICTORIA PARK AVE
PARK IN A FIRE ROUTE 	 250 	 505 CONSUMERS RD
PARK IN A FIRE ROUTE 	 250 	 7 CRESCENT PL
PARK IN A FIRE ROUTE 	 250 	 21 ICEBOAT TER
PARK IN A FIRE ROUTE 	 250 	 2008 PHARMACY AVE
PARK IN A FIRE ROUTE 	 250 	 263 PHARMACY AVE
PARK IN A FIRE ROUTE 	 250 	 273 PHARMACY AVE
PARK IN A FIRE ROUTE 	 250 	 5 MARINER TER
PARK IN A FIRE ROUTE 	 250 	 50 QUEEN ELIZABETH BLVD
PARK IN A FIRE ROUTE 	 250 	 739 BIRCHMOUNT RD
PARK IN A FIRE ROUTE 	 250 	 710 HUMBERWOOD BLVD
PARK IN A FIRE ROUTE 	 250 	 1571 SANDHURST CRCL
PARK IN A FIRE ROUTE 	 250 	 20 ANTRIM CRES
PARK IN A FIRE ROUTE 	 250 	 255 CONSUMERS RD
PARK IN A FIRE ROUTE 	 250 	 1 EGLINTON SQ
PARK IN A FIRE ROUTE 	 250 	 263 PHARMACY AVE
PARK IN A FIRE ROUTE 	 250 	 1 EGLINTON SQ
PARK IN A FIRE ROUTE 	 250 	 30 TEESDALE PL
PARK IN A FIRE ROUTE 	 250 	 31 TAPSCOTT RD
PARK IN A FIRE ROUTE 	 250 	 311 WASHBURN WAY
PARK IN A FIRE ROUTE 	 250 	 311 WASHBURN WAY
PARK IN A FIRE ROUTE 	 250 	 311 WASHBURN WAY
PARK IN A FIRE ROUTE 	 250 	 5085 SHEPPARD AVE E
PARK IN A FIRE ROUTE 	 250 	 5085 SHEPPARD AVE E
PARK IN A FIRE ROUTE 	 250 	 2283 EGLINTON AVE E
PARK IN A FIRE ROUTE 	 250 	 8 TELEGRAM MEWS
PARK IN A FIRE ROUTE 	 250 	 25 TELEGRAM MEWS
PARK IN A FIRE ROUTE 	 250 	 15 ICEBOAT TER
PARK IN A FIRE ROUTE 	 250 	 5085 SHEPPARD AVE E
PARK IN A FIRE ROUTE 	 250 	 5085 SHEPPARD AVE E
PARK IN A FIRE ROUTE 	 250 	 4001 LESLIE ST
PARK IN A FIRE ROUTE 	 250 	 1770 VICTORIA PARK AVE
PARK IN A FIRE ROUTE 	 250 	 1780 VICTORIA PARK AVE
PARK IN A FIRE ROUTE 	 250 	 4001 LESLIE ST
PARK IN A FIRE ROUTE 	 250 	 4001 LESLIE ST
PARK IN A FIRE ROUTE 	 250 	 4001 LESLIE ST
PARK IN A FIRE ROUTE 	 250 	 20 WILLIAM KITCHEN RD
PARK IN A FIRE ROUTE 	 250 	 8 TELEGRAM MEWS
PARK IN A FIRE ROUTE 	 250 	 1800 SHEPPARD AVE E
PARK IN A FIRE ROUTE 	 250 	 6 VENA WAY
PARK IN A FIRE ROUTE 	 250 	 2 VENA WAY
PARK IN A FIRE ROUTE 	 250 	 3401 DUFFERIN ST
PARK IN A FIRE ROUTE 	 250 	 2451 BRIDLETOWNE CRCL
PARK IN A FIRE ROUTE 	 250 	 21 ICEBOAT TER
PARK IN A FIRE ROUTE 	 250 	 268 SPRUCEWOOD CRT
PARK IN A FIRE ROUTE 	 250 	 2063 ISLINGTON AVE
PARK IN A FIRE ROUTE 	 250 	 2063 ISLINGTON AVE
PARK IN A FIRE ROUTE 	 250 	 4700 KEELE STREET
PARK IN A FIRE ROUTE 	 250 	 3020 DON MILLS RD
PARK IN A FIRE ROUTE 	 250 	 1090 DON MILLS RD
PARK IN A FIRE ROUTE 	 250 	 3020 DON MILLS RD
PARK IN A FIRE ROUTE 	 250 	 1090 DON MILLS RD
PARK IN A FIRE ROUTE 	 250 	 250 ALTON TOWERS CRCL
PARK IN A FIRE ROUTE 	 250 	 21 COLONEL SAMUEL SMITH PARK DRIVE
PARK IN A FIRE ROUTE 	 250 	 250 ALTON TOWERS CRCL
PARK IN A FIRE ROUTE 	 250 	 4001 LESLIE ST
PARK IN A FIRE ROUTE 	 250 	 3 APPLEWOOD LANE
PARK IN A FIRE ROUTE 	 250 	 3 APPLEWOOD LANE
PARK IN A FIRE ROUTE 	 250 	 4001 LESLIE ST
PARK IN A FIRE ROUTE 	 250 	 33 SINGER CRT
PARK IN A FIRE ROUTE 	 250 	 2225 SHEPPARD AVE E
PARK IN A FIRE ROUTE 	 250 	 4700 KEELE ST
PARK IN A FIRE ROUTE 	 250 	 4700 KEELE ST
PARK IN A FIRE ROUTE 	 250 	 101 TORO RD
PARK IN A FIRE ROUTE 	 250 	 101 TORO RD
PARK IN A FIRE ROUTE 	 250 	 1000 ELLESMERE RD
PARK IN A FIRE ROUTE 	 250 	 3847 LAWRENCE AVE E
PARK IN A FIRE ROUTE 	 250 	 200 SIR WILLIAM HEARST AVE
PARK IN A FIRE ROUTE 	 250 	 12 TELEGRAM MEWS
PARK IN A FIRE ROUTE 	 250 	 3850 SHEPPARD AVE E
PARK IN A FIRE ROUTE 	 250 	 1360 DANFORTH RD
PARK IN A FIRE ROUTE 	 250 	 3833 MIDLAND AVE
PARK IN A FIRE ROUTE 	 250 	 3833 MIDLAND AVE
PARK IN A FIRE ROUTE 	 250 	 1571 SANDHURST CRCL
PARK IN A FIRE ROUTE 	 250 	 435 MIDDLEFIELD RD
PARK IN A FIRE ROUTE 	 250 	 61 MARKBROOK LANE
PARK IN A FIRE ROUTE 	 250 	 1780 VICTORIA PARK AVE
PARK IN A FIRE ROUTE 	 250 	 263 PHARMACY AVE
PARK IN A FIRE ROUTE 	 250 	 273 PHARMACY AVE
PARK IN A FIRE ROUTE 	 250 	 35 MARINER TER
PARK IN A FIRE ROUTE 	 250 	 10 NAVY WHARF CRT
PARK IN A FIRE ROUTE 	 250 	 4001 LESLIE ST
PARK IN A FIRE ROUTE 	 250 	 33 SINGER CRT
PARK IN A FIRE ROUTE 	 250 	 33 SINGER CRT
PARK IN A FIRE ROUTE 	 250 	 33 SINGER CRT
PARK IN A FIRE ROUTE 	 250 	 33 SINGER CRT
PARK IN A FIRE ROUTE 	 250 	 15 ICEBOAT TER
PARK IN A FIRE ROUTE 	 250 	 21 ICEBOAT TER
PARK IN A FIRE ROUTE 	 250 	 5 MARINER TER
PARK IN A FIRE ROUTE 	 250 	 5 MARINER TER
PARK IN A FIRE ROUTE 	 250 	 2305 MARKHAM RD
PARK IN A FIRE ROUTE 	 250 	 2305 MARKHAM RD
PARK IN A FIRE ROUTE 	 250 	 15 SINGER CRT
PARK IN A FIRE ROUTE 	 250 	 2305 MARKHAM RD
PARK IN A FIRE ROUTE 	 250 	 2305 MARKHAM RD
PARK IN A FIRE ROUTE 	 250 	 1770 EGLINTON AVE E
PARK IN A FIRE ROUTE 	 250 	 25 GOSFORD BLVD
PARK IN A FIRE ROUTE 	 250 	 18 ST DENNIS DR
PARK IN A FIRE ROUTE 	 250 	 22 WAKUNDA PL
PARK IN A FIRE ROUTE 	 250 	 32 WAKUNDA PL
PARK IN A FIRE ROUTE 	 250 	 28 WILLIAM KITCHEN RD
PARK IN A FIRE ROUTE 	 250 	 1840 VICTORIA PARK AVE
PARK IN A FIRE ROUTE 	 250 	 240 WELLESLEY ST E
PARK IN A FIRE ROUTE 	 250 	 5 CONCORDE PLACE
PARK IN A FIRE ROUTE 	 250 	 4700 KEELE ST
PARK IN A FIRE ROUTE 	 250 	 1800 SHEPPARD AVE E
PARK IN A FIRE ROUTE 	 250 	 1800 SHEPPARD AVE E
PARK IN A FIRE ROUTE 	 250 	 1800 SHEPPARD AVE E
PARK IN A FIRE ROUTE 	 250 	 1800 SHEPPARD AVE E
PARK IN A FIRE ROUTE 	 250 	 1800 SHEPPARD AVE E
PARK IN A FIRE ROUTE 	 250 	 1800 SHEPPARD AVE E
PARK IN A FIRE ROUTE 	 250 	 1800 SHEPPARD AVE E
PARK IN A FIRE ROUTE 	 250 	 1462 MIDLAND AVE
PARK IN A FIRE ROUTE 	 250 	 8 ROANOKE RD
PARK IN A FIRE ROUTE 	 250 	 260 WELLESLEY ST E
PARK IN A FIRE ROUTE 	 250 	 4700 KEELE ST
PARK IN A FIRE ROUTE 	 250 	 4700 KEELE ST
PARK IN A FIRE ROUTE 	 250 	 4700 KEELE ST
PARK IN A FIRE ROUTE 	 250 	 151 VILLAGE GREEN SQ
PARK IN A FIRE ROUTE 	 250 	 1535 BIRCHMOUNT RD
PARK IN A FIRE ROUTE 	 250 	 3850 SHEPPARD AVE E
PARK IN A FIRE ROUTE 	 250 	 60 TOWN CENTRE CRT
PARK IN A FIRE ROUTE 	 250 	 1605 ALBION RD
PARK IN A FIRE ROUTE 	 250 	 36 PARK LAWN RD
PARK IN A FIRE ROUTE 	 250 	 3833 MIDLAND AVE
PARK IN A FIRE ROUTE 	 250 	 3833 MIDLAND AVE
PARK IN A FIRE ROUTE 	 250 	 75 OASIS BLVD
PARK IN A FIRE ROUTE 	 250 	 30 FIELDWAY RD
PARK IN A FIRE ROUTE 	 250 	 30 FIELDWAY RD
PARK IN A FIRE ROUTE 	 250 	 311 WASHBURN WAY
PARK IN A FIRE ROUTE 	 250 	 311 WASHBURN WAY
PARK IN A FIRE ROUTE 	 250 	 31 TAPSCOTT RD
PARK IN A FIRE ROUTE 	 250 	 31 TAPSCOTT RD
PARK IN A FIRE ROUTE 	 250 	 31 TAPSCOTT RD
PARK IN A FIRE ROUTE 	 250 	 3847 LAWRENCE AVE E
PARK IN A FIRE ROUTE 	 250 	 15 ICEBOAT TER
PARK IN A FIRE ROUTE 	 250 	 21 ICEBOAT TER
PARK IN A FIRE ROUTE 	 250 	 2305 MARKHAM RD
PARK IN A FIRE ROUTE 	 250 	 1 TREE SPARROWAY
PARK IN A FIRE ROUTE 	 250 	 25 BAY MILLS BLVD
PARK IN A FIRE ROUTE 	 250 	 500 REXDALE BLVD
PARK IN A FIRE ROUTE 	 250 	 59 WATERFORD DR
PARK IN A FIRE ROUTE 	 250 	 1110 SHEPPARD AVE E
PARK IN A FIRE ROUTE 	 250 	 4001 LESLIE ST
PARK IN A FIRE ROUTE 	 250 	 1090 DON MILLS RD
PARK IN A FIRE ROUTE 	 250 	 1090 DON MILLS RD
PARK IN A FIRE ROUTE 	 250 	 31 TAPSCOTT RD
PARK IN A FIRE ROUTE 	 250 	 31 TAPSCOTT RD
PARK IN A FIRE ROUTE 	 250 	 4001 LESLIE ST.
PARK IN A FIRE ROUTE 	 250 	 2900 WARDEN AVE
PARK IN A FIRE ROUTE 	 250 	 4001 LESLIE ST
PARK IN A FIRE ROUTE 	 250 	 40 SYLVAN VALLEYWAY
PARK IN A FIRE ROUTE 	 250 	 4001 LESLIE ST
PARK IN A FIRE ROUTE 	 250 	 4700 KEELE ST
PARK IN A FIRE ROUTE 	 250 	 1800 SHEPPARD AVE E
PARK IN A FIRE ROUTE 	 250 	 4700 KEELE ST
PARK IN A FIRE ROUTE 	 250 	 4700 KEELE ST
PARK IN A FIRE ROUTE 	 250 	 300 BOROUGH DR
PARK IN A FIRE ROUTE 	 250 	 10 VENA WAY
PARK IN A FIRE ROUTE 	 250 	 2 VENA WAY
PARK IN A FIRE ROUTE 	 250 	 300 BOROUGH DR
PARK IN A FIRE ROUTE 	 250 	 8 FOUNDRY AVE
PARK IN A FIRE ROUTE 	 250 	 816 LANSDOWNE AVE
PARK IN A FIRE ROUTE 	 250 	 700 HUMBERWOOD BLVD
PARK IN A FIRE ROUTE 	 250 	 4700 KEELE ST
PARK IN A FIRE ROUTE 	 250 	 
PARK IN A FIRE ROUTE 	 250 	 9 SHOREHAM CRT
PARK IN A FIRE ROUTE 	 250 	 195 EXBURY RD
PARK IN A FIRE ROUTE 	 250 	 190 WOOLNER AVENUE
PARK IN A FIRE ROUTE 	 250 	 200 SIR WILLIAM HEARST AVE
PARK IN A FIRE ROUTE 	 250 	 25 TRUDELLE ST
PARK IN A FIRE ROUTE 	 250 	 55 MILL ST
PARK IN A FIRE ROUTE 	 250 	 21 ICEBOAT TER
PARK IN A FIRE ROUTE 	 250 	 399 ADELAIDE ST W
PARK IN A FIRE ROUTE 	 250 	 1921 EGLINTON AVE E
PARK IN A FIRE ROUTE 	 250 	 151 WICKSON TRL
PARK IN A FIRE ROUTE 	 250 	 280 SPADINA AVE
PARK IN A FIRE ROUTE 	 250 	 40 FALSTAFF AVE
PARK IN A FIRE ROUTE 	 250 	 80 ORCHID PLACE DR
PARK IN A FIRE ROUTE 	 250 	 80 ORCHID PLACE DR
PARK IN A FIRE ROUTE 	 250 	 44 WILLOWDALE RD
PARK IN A FIRE ROUTE 	 250 	 1081 PROGRESS AVE
PARK IN A FIRE ROUTE 	 250 	 1081 PROGRESS AVE
PARK IN A FIRE ROUTE 	 250 	 1081 PROGRESS AVE
PARK IN A FIRE ROUTE 	 250 	 1081 PROGRESS AVE
PARK IN A FIRE ROUTE 	 250 	 1081 PROGRESS AVE
PARK IN A FIRE ROUTE 	 250 	 1081 PROGRESS AVE
PARK IN A FIRE ROUTE 	 250 	 325 BOGERT AVE
PARK IN A FIRE ROUTE 	 250 	 1270 FINCH AVE
PARK IN A FIRE ROUTE 	 250 	 2415 JANE ST
PARK IN A FIRE ROUTE 	 250 	 195 EXBURY RD
PARK IN A FIRE ROUTE 	 250 	 195 EXBURY RD
PARK IN A FIRE ROUTE 	 250 	 121 PARKWAY FOREST DR
PARK IN A FIRE ROUTE 	 250 	 4001 LESLIE ST
PARK IN A FIRE ROUTE 	 250 	 399 ADELAIDE ST W
PARK IN A FIRE ROUTE 	 250 	 1400 KENNEDY RD
PARK IN A FIRE ROUTE 	 250 	 1400 KENNEDY RD
PARK IN A FIRE ROUTE 	 250 	 211 FINCH AVE W
PARK IN A FIRE ROUTE 	 250 	 1 EGLINTON SQ
PARK IN A FIRE ROUTE 	 250 	 3061 FINCH AVE W
PARK IN A FIRE ROUTE 	 250 	 3051 FINCH AVE W
PARK IN A FIRE ROUTE 	 250 	 305 FINCH AVE W
PARK IN A FIRE ROUTE 	 250 	 3031 FINCH AVE W
PARK IN A FIRE ROUTE 	 250 	 85 ELLESMERE RD
PARK IN A FIRE ROUTE 	 250 	 3031 FINCH AVE W
PARK IN A FIRE ROUTE 	 250 	 123 BELLAMY RD N
PARK IN A FIRE ROUTE 	 250 	 348 BAY MILLS BLVD
PARK IN A FIRE ROUTE 	 250 	 348 BAY MILLS BLVD
PARK IN A FIRE ROUTE 	 250 	 348 BAY MILLS BLVD
PARK IN A FIRE ROUTE 	 250 	 126 BELLAMY RD N
PARK IN A FIRE ROUTE 	 250 	 126 BELLAMY RD N
PARK IN A FIRE ROUTE 	 250 	 126 BELLAMY RD N
PARK IN A FIRE ROUTE 	 250 	 75 GOSFORD BLVD
PARK IN A FIRE ROUTE 	 250 	 75 GOSFORD BLVD
PARK IN A FIRE ROUTE 	 250 	 75 GOSFORD BLVD
PARK IN A FIRE ROUTE 	 250 	 195 EXBURY RD
PARK IN A FIRE ROUTE 	 250 	 16 WILLIAM KITRCHEN RD
PARK IN A FIRE ROUTE 	 250 	 1270 FINCH AVE W
PARK IN A FIRE ROUTE 	 250 	 65 EMMETT AVE
PARK IN A FIRE ROUTE 	 250 	 65 EMMETT AVE
PARK IN A FIRE ROUTE 	 250 	 3392 KINGSTON RD
PARK IN A FIRE ROUTE 	 250 	 33 GABIAN WAY
PARK IN A FIRE ROUTE 	 250 	 80 JOSEPH GRIFFITH LN
PARK IN A FIRE ROUTE 	 250 	 301 WASHBURN WAY
PARK IN A FIRE ROUTE 	 250 	 15 ICEBOAT TER
PARK IN A FIRE ROUTE 	 250 	 1539 WARDEN AVE
PARK IN A FIRE ROUTE 	 250 	 1539 WARDEN AVE
PARK IN A FIRE ROUTE 	 250 	 LISZT GATE
PARK IN A FIRE ROUTE 	 250 	 280 SPADINA AVE
PARK IN A FIRE ROUTE 	 250 	 415 JARVIS ST
PARK IN A FIRE ROUTE 	 250 	 415 JARVIS ST
PARK IN A FIRE ROUTE 	 250 	 58 GRENOBLE DR
PARK IN A FIRE ROUTE 	 250 	 4001 LESLIE ST
PARK IN A FIRE ROUTE 	 250 	 320 SCARLETT RD
PARK IN A FIRE ROUTE 	 250 	 2000 SHEPPARD AVE W
PARK IN A FIRE ROUTE 	 250 	 375 BAY MILLS BLVD
PARK IN A FIRE ROUTE 	 250 	 4001 LESLIE ST
PARK IN A FIRE ROUTE 	 250 	 605 ROGERS RD
PARK IN A FIRE ROUTE 	 250 	 88 PARK LAWN RD
PARK IN A FIRE ROUTE 	 250 	 2230 LAKE SHORE BLVD W
PARK IN A FIRE ROUTE 	 250 	 21 SCOLLARD ST
PARK IN A FIRE ROUTE 	 250 	 36 LEE CENTRE DR
PARK IN A FIRE ROUTE 	 250 	 2415 JANE ST
PARK IN A FIRE ROUTE 	 250 	 2415 JANE ST
PARK IN A FIRE ROUTE 	 250 	 4700 KEELE ST
PARK IN A FIRE ROUTE 	 250 	 21 SCOLLARD ST
PARK IN A FIRE ROUTE 	 250 	 311 WASHBURN WAY
PARK IN A FIRE ROUTE 	 250 	 4700 KEELE ST
PARK IN A FIRE ROUTE 	 250 	 444 LUMSDEN AVE
PARK IN A FIRE ROUTE 	 250 	 8 TELEGRAM MEWS
PARK IN A FIRE ROUTE 	 250 	 9 HALDON AVE
PARK IN A FIRE ROUTE 	 250 	 30 WESTON RD
PARK IN A FIRE ROUTE 	 250 	 5 BANCROFT AVE
PARK IN A FIRE ROUTE 	 250 	 280 SPADINA AVE
PARK IN A FIRE ROUTE 	 250 	 275 MAIN ST
PARK IN A FIRE ROUTE 	 250 	 812 LANSDOWNE AVE
PARK IN A FIRE ROUTE 	 250 	 130 LANSDOWNE AVE
PARK IN A FIRE ROUTE 	 250 	 4700 KEELE ST
PARK IN A FIRE ROUTE 	 250 	 5580 SHEPPARD AVE E
PARK IN A FIRE ROUTE 	 250 	 4700 KEELE ST
PARK IN A FIRE ROUTE 	 250 	 4001 LESLIE ST
PARK IN A FIRE ROUTE 	 250 	 1779 JANE ST
PARK IN A FIRE ROUTE 	 250 	 1779 JANE ST
PARK IN A FIRE ROUTE 	 250 	 1750 LAWRENCE AV W
PARK IN A FIRE ROUTE 	 250 	 1750 LAWRENCE AV W
PARK IN A FIRE ROUTE 	 250 	 60 WESTON RD
PARK IN A FIRE ROUTE 	 250 	 80 WESTON RD
PARK IN A FIRE ROUTE 	 250 	 300 FRONT ST W
PARK IN A FIRE ROUTE 	 250 	 33 SINGER CRT
PARK IN A FIRE ROUTE 	 250 	 CONRON PL
PARK IN A FIRE ROUTE 	 250 	 240 ALTON TOWERS CRCL
PARK IN A FIRE ROUTE 	 250 	 2301 BRIMLEY RD
PARK IN A FIRE ROUTE 	 250 	 175 COMMANDER BLVD
PARK IN A FIRE ROUTE 	 250 	 55 MILLS ST
PARK IN A FIRE ROUTE 	 250 	 325 BAMBURGH CRCL
PARK IN A FIRE ROUTE 	 250 	 325 BAMBURGH CRCL
PARK IN A FIRE ROUTE 	 250 	 160 HORNER AVE
PARK IN A FIRE ROUTE 	 250 	 160 HORNER AVE
PARK IN A FIRE ROUTE 	 250 	 3833 MIDLAND AVE
PARK IN A FIRE ROUTE 	 250 	 175 COMMANDER BLVD
PARK IN A FIRE ROUTE 	 250 	 1270 FINCH AVE W
PARK IN A FIRE ROUTE 	 250 	 4700 KEELE ST
PARK IN A FIRE ROUTE 	 250 	 4700 KEELE ST
PARK IN A FIRE ROUTE 	 250 	 4700 KEELE ST
PARK IN A FIRE ROUTE 	 250 	 4700 KEELE ST
PARK IN A FIRE ROUTE 	 250 	 3833 BAMBURGH CRCL
PARK IN A FIRE ROUTE 	 250 	 61 PELHAM PARK GARDEN
PARK IN A FIRE ROUTE 	 250 	 61 PELHAM PARK GARDENS
PARK IN A FIRE ROUTE 	 250 	 3833 MIDLAND AVE
PARK IN A FIRE ROUTE 	 250 	 160 CHALKFARM DR
PARK IN A FIRE ROUTE 	 250 	 3833 MIDLAND AVE
PARK IN A FIRE ROUTE 	 250 	 3833 MIDLAND AVE
PARK IN A FIRE ROUTE 	 250 	 3833 MIDLAND AVE
PARK IN A FIRE ROUTE 	 250 	 3833 MIDLAND AVE
PARK IN A FIRE ROUTE 	 250 	 4700 KEELE ST
PARK IN A FIRE ROUTE 	 250 	 4001 LESLIE ST
PARK IN A FIRE ROUTE 	 250 	 28 HARRISON GARDEN BLVD
PARK IN A FIRE ROUTE 	 250 	 4700 KEELE ST
PARK IN A FIRE ROUTE 	 250 	 1577 LAWRENCE AVE W
PARK IN A FIRE ROUTE 	 250 	 4700 KEELE ST
PARK IN A FIRE ROUTE 	 250 	 1333 SHEPPARD AVE E
PARK IN A FIRE ROUTE 	 250 	 35 TRUDELLE ST
PARK IN A FIRE ROUTE 	 250 	 60 WESTON RD
PARK IN A FIRE ROUTE 	 250 	 60 WESTON RD
PARK IN A FIRE ROUTE 	 250 	 60 WESTON RD
PARK IN A FIRE ROUTE 	 250 	 80 WESTON RD
PARK IN A FIRE ROUTE 	 250 	 20 ZACHARY CRT
PARK IN A FIRE ROUTE 	 250 	 4700 KEELE ST
PARK IN A FIRE ROUTE 	 250 	 555 REXDALE BOULEVARD
PARK IN A FIRE ROUTE 	 250 	 44 VALLEY WOODS RD
PARK IN A FIRE ROUTE 	 250 	 275 BLEECKER ST
PARK IN A FIRE ROUTE 	 250 	 275 BLEECKER ST
PARK IN A FIRE ROUTE 	 250 	 275 BLEECKER ST
PARK IN A FIRE ROUTE 	 250 	 275 BLEECKER ST
PARK IN A FIRE ROUTE 	 250 	 740 MIDLAND AVE
PARK IN A FIRE ROUTE 	 250 	 1333 SHEPPARD AVE E
PARK IN A FIRE ROUTE 	 250 	 325 BAMBURGH CRCL
PARK IN A FIRE ROUTE 	 250 	 4700 KEELE ST
PARK IN A FIRE ROUTE 	 250 	 4700 KEELE ST
PARK IN A FIRE ROUTE 	 250 	 2301 BRIMLEY RD
PARK IN A FIRE ROUTE 	 250 	 2301 BRIMLEY RD
PARK IN A FIRE ROUTE 	 250 	 2301 BRIMLEY RD
PARK IN A FIRE ROUTE 	 250 	 240 WELLESLEY ST E
PARK IN A FIRE ROUTE 	 250 	 15 ICEBOAT TER
PARK IN A FIRE ROUTE 	 250 	 260 WELLESLEY ST E
PARK IN A FIRE ROUTE 	 250 	 151 TORYORK DR
PARK IN A FIRE ROUTE 	 250 	 151 TORYORK DR
PARK IN A FIRE ROUTE 	 250 	 399 D ADELAIDE ST W
PARK IN A FIRE ROUTE 	 250 	 19 D BRANT ST
PARK IN A FIRE ROUTE 	 250 	 19 D BRANT ST
PARK IN A FIRE ROUTE 	 250 	 3833 MIDLAND AVE
PARK IN A FIRE ROUTE 	 250 	 3833 MIDLAND AVE
PARK IN A FIRE ROUTE 	 250 	 3833 MIDLAND AVE
PARK IN A FIRE ROUTE 	 250 	 750 OAKDALE RD
PARK IN A FIRE ROUTE 	 250 	 1 EGLINTON SQ
PARK IN A FIRE ROUTE 	 250 	 750 OAKDALE RD
PARK IN A FIRE ROUTE 	 250 	 750 OAKDALE RD
PARK IN A FIRE ROUTE 	 250 	 60 JOHN GARLAND BLVD
PARK IN A FIRE ROUTE 	 250 	 4700 KEELE ST
PARK IN A FIRE ROUTE 	 250 	 15 JAMESTOWN CRES
PARK IN A FIRE ROUTE 	 250 	 4700 KEELE ST
PARK IN A FIRE ROUTE 	 250 	 1881 STEELES AVE W
PARK IN A FIRE ROUTE 	 250 	 1080 BAY ST
PARK IN A FIRE ROUTE 	 250 	 80 ORCHARD PARK BLVD
PARK IN A FIRE ROUTE 	 250 	 710 HUMBERWOOD BLVD
PARK IN A FIRE ROUTE 	 250 	 60 WESTON RD
PARK IN A FIRE ROUTE 	 250 	 80 WESTON RD
PARK IN A FIRE ROUTE 	 250 	 4001 LESLIE ST
PARK IN A FIRE ROUTE 	 250 	 4001 LESLIE ST
PARK IN A FIRE ROUTE 	 250 	 4001 LESLIE ST
PARK IN A FIRE ROUTE 	 250 	 29 SOUTH STATION ST
PARK IN A FIRE ROUTE 	 250 	 8 TELEGRAM MEWS
PARK IN A FIRE ROUTE 	 250 	 2597 KEELE ST
PARK IN A FIRE ROUTE 	 250 	 2597 KEELE ST
PARK IN A FIRE ROUTE 	 250 	 1530 VICTORIA PARK AVE
PARK IN A FIRE ROUTE 	 250 	 4001 LESLIE STREET
PARK IN A FIRE ROUTE 	 250 	 2900 WARDEN AVE
PARK IN A FIRE ROUTE 	 250 	 325 BAMBURGH CRCL
PARK IN A FIRE ROUTE 	 250 	 301 INVERGORDON AVE
PARK IN A FIRE ROUTE 	 250 	 2100 ROSETHORN AVE
PARK IN A FIRE ROUTE 	 250 	 750 MILITARY TRL
PARK IN A FIRE ROUTE 	 250 	 750 MILITARY TRL
PARK IN A FIRE ROUTE 	 250 	 4001 LESLIE ST
PARK IN A FIRE ROUTE 	 250 	 151 TORYORK DR
PARK IN A FIRE ROUTE 	 250 	 40 FALSTAFF AVE
PARK IN A FIRE ROUTE 	 250 	 4001 LESLIE ST
PARK IN A FIRE ROUTE 	 250 	 75 BILLY BISHOP WAY
PARK IN A FIRE ROUTE 	 250 	 200 SIR WILLIAM HEARST AVE
PARK IN A FIRE ROUTE 	 250 	 2552 FINCH AVE W
PARK IN A FIRE ROUTE 	 250 	 2552 FINCH AVE W
PARK IN A FIRE ROUTE 	 250 	 1800 SHEPPARD AVE E
PARK IN A FIRE ROUTE 	 250 	 1800 SHEPPARD AVE E
PARK IN A FIRE ROUTE 	 250 	 1800 SHEPPARD AVE E
PARK IN A FIRE ROUTE 	 250 	 1800 SHEPPARD AVE E
PARK IN A FIRE ROUTE 	 250 	 15 ICEBOAT TER
PARK IN A FIRE ROUTE 	 250 	 100 PARROTTA DR
PARK IN A FIRE ROUTE 	 250 	 175 COMMANDER BLVD
PARK IN A FIRE ROUTE 	 250 	 175 COMMANDER BLVD
PARK IN A FIRE ROUTE 	 250 	 2471 KINGSTON RD
PARK IN A FIRE ROUTE 	 250 	 300 ANTIBES DR
PARK IN A FIRE ROUTE 	 250 	 225 MARKHAM RD
PARK IN A FIRE ROUTE 	 250 	 86 JIM BAIRD MEWS
PARK IN A FIRE ROUTE 	 250 	 4001 LESLIE ST
PARK IN A FIRE ROUTE 	 250 	 6015 STEELES AVE E
PARK IN A FIRE ROUTE 	 250 	 6015 STEELES AVE E
PARK IN A FIRE ROUTE 	 250 	 375 COOK RD
PARK IN A FIRE ROUTE 	 250 	 8 TELEGRAM MEWS
PARK IN A FIRE ROUTE 	 250 	 21 ICEBOAT TER
PARK IN A FIRE ROUTE 	 250 	 195 EXBURY RD
PARK IN A FIRE ROUTE 	 250 	 92 DUSAY PL
PARK IN A FIRE ROUTE 	 250 	 4001 LESLIE ST
PARK IN A FIRE ROUTE 	 250 	 1333 SHEPPARD AVE E
PARK IN A FIRE ROUTE 	 250 	 21 ICEBOAT TER
PARK IN A FIRE ROUTE 	 250 	 70 TOWN CENTRE COURT
PARK IN A FIRE ROUTE 	 250 	 35 PARK HOME AVENUE 
PARK IN A FIRE ROUTE 	 250 	 5740 YONGE ST
PARK IN A FIRE ROUTE 	 250 	 LESLIE STREET
PARK IN A FIRE ROUTE 	 250 	 2045 FINCH AVE W
PARK IN A FIRE ROUTE 	 250 	 205 CUMMER AVE
PARK IN A FIRE ROUTE 	 250 	 3050 LAWRENCE AVE E
PARK IN A FIRE ROUTE 	 250 	 101 TORO ROAD
PARK IN A FIRE ROUTE 	 250 	 250 DAVENPORT RD
PARK IN A FIRE ROUTE 	 250 	 2500 LAWRENCE AVE E
PARK IN A FIRE ROUTE 	 250 	 462 BIRCHMOUNT RD
PARK IN A FIRE ROUTE 	 250 	 462 BIRCHMOUNT RD
PARK IN A FIRE ROUTE 	 250 	 16 HARBORD ST
PARK IN A FIRE ROUTE 	 250 	 1090 DON MILLS RD
PARK IN A FIRE ROUTE 	 250 	 2481 KINGSTON RD
PARK IN A FIRE ROUTE 	 250 	 362 THE EAST MALL
PARK IN A FIRE ROUTE 	 250 	 205 HUMBER COLLEGE BLVD
PARK IN A FIRE ROUTE 	 250 	 5085 SHEPPARD AVE E
PARK IN A FIRE ROUTE 	 250 	 5085 SHEPPARD AVE E
PARK IN A FIRE ROUTE 	 250 	 5085 SHEPPARD AVE E
PARK IN A FIRE ROUTE 	 250 	 5085 SHEPPARD AVE E
PARK IN A FIRE ROUTE 	 250 	 5085 SHEPPARD AVE E
PARK IN A FIRE ROUTE 	 250 	 5085 SHEPPARD AVE E
PARK IN A FIRE ROUTE 	 250 	 5085 SHEPPARD AVE E
PARK IN A FIRE ROUTE 	 250 	 989 MURRAY ROSS PKWY
PARK IN A FIRE ROUTE 	 250 	 245 MANSE RD
PARK IN A FIRE ROUTE 	 250 	 1090 DON MILLS RD
PARK IN A FIRE ROUTE 	 250 	 16 HARBOUR ST
PARK IN A FIRE ROUTE 	 250 	 1120 MARTIN GROVE RD
PARK IN A FIRE ROUTE 	 250 	 1120 MARTIN GROVE RD
PARK IN A FIRE ROUTE 	 250 	 1120 MARTIN GROVE RD
PARK IN A FIRE ROUTE 	 250 	 1120 MARTIN GROVE RD
PARK IN A FIRE ROUTE 	 250 	 1120 MARTIN GROVE RD
PARK IN A FIRE ROUTE 	 250 	 1120 MARTIN GROVE RD
PARK IN A FIRE ROUTE 	 250 	 1120 MARTIN GROVE RD
PARK IN A FIRE ROUTE 	 250 	 1120 MARTIN GROVE RD
PARK IN A FIRE ROUTE 	 250 	 10 BOULTBEE AVE
PARK IN A FIRE ROUTE 	 250 	 2821 BIRCHMOUNT RD
PARK IN A FIRE ROUTE 	 250 	 2821 BIRCHMOUNT RD
PARK IN A FIRE ROUTE 	 250 	 1090 DON MILLS RD
PARK IN A FIRE ROUTE 	 250 	 1090 DON MILLS RD
PARK IN A FIRE ROUTE 	 250 	 1090 DON MILLS RD
PARK IN A FIRE ROUTE 	 250 	 1090 DON MILLS RD
PARK IN A FIRE ROUTE 	 250 	 1090 DON MILLS RD
PARK IN A FIRE ROUTE 	 250 	 1090 DON MILLS RD
PARK IN A FIRE ROUTE 	 250 	 1090 DON MILLS RD
PARK IN A FIRE ROUTE 	 250 	 1090 DON MILLS RD
PARK IN A FIRE ROUTE 	 250 	 1090 DON MILLS RD
PARK IN A FIRE ROUTE 	 250 	 1090 DON MILLS RD
PARK IN A FIRE ROUTE 	 250 	 1090 DON MILLS RD
PARK IN A FIRE ROUTE 	 250 	 1090 DON MILLS RD
PARK IN A FIRE ROUTE 	 250 	 300 BOROUGH DR
PARK IN A FIRE ROUTE 	 250 	 300 BOROUGH DR
PARK IN A FIRE ROUTE 	 250 	 300 BOROUGH DR
PARK IN A FIRE ROUTE 	 250 	 15 ICEBOAT TER
PARK IN A FIRE ROUTE 	 250 	 195 EXBURY RD
PARK IN A FIRE ROUTE 	 250 	 195 EXBURY RD
PARK IN A FIRE ROUTE 	 250 	 195 EXBURY RD
PARK IN A FIRE ROUTE 	 250 	 2415 JANE ST
PARK IN A FIRE ROUTE 	 250 	 2415 JANE ST
PARK IN A FIRE ROUTE 	 250 	 1780 EGLINTON AVE E
PARK IN A FIRE ROUTE 	 250 	 79 FLEMINGTON RD
PARK IN A FIRE ROUTE 	 250 	 FLEMINGTON RD
PARK IN A FIRE ROUTE 	 250 	 5 MARINER TER
PARK IN A FIRE ROUTE 	 250 	 5 MARINER TER
PARK IN A FIRE ROUTE 	 250 	 45 STRANGFORD LANE
PARK IN A FIRE ROUTE 	 250 	 1 ABERFOYLE CRES
PARK IN A FIRE ROUTE 	 250 	 1 ABERFOYLE CRES
PARK IN A FIRE ROUTE 	 250 	 4700 KEELE ST
PARK IN A FIRE ROUTE 	 250 	 4001 LESLIE ST
PARK IN A FIRE ROUTE 	 250 	 4001 LESLIE ST
PARK IN A FIRE ROUTE 	 250 	 4001 LESLIE ST
PARK IN A FIRE ROUTE 	 250 	 4700 KEELE ST
PARK IN A FIRE ROUTE 	 250 	 2195 JANE ST
PARK IN A FIRE ROUTE 	 250 	 100 PARROTTA DR
PARK IN A FIRE ROUTE 	 250 	 2775 JANE ST
PARK IN A FIRE ROUTE 	 250 	 2775 JANE ST
PARK IN A FIRE ROUTE 	 250 	 989 MURRAY ROSS PKWY
PARK IN A FIRE ROUTE 	 250 	 989 MURRAY ROSS PKWY
PARK IN A FIRE ROUTE 	 250 	 4001 LESLIE ST
PARK IN A FIRE ROUTE 	 250 	 15 ICEBOAT TER
PARK IN A FIRE ROUTE 	 250 	 8 TELEGRAM MEWS
PARK IN A FIRE ROUTE 	 250 	 7 GLAMORGAN AVE
PARK IN A FIRE ROUTE 	 250 	 986 MURRAY ROSS PKWY
PARK IN A FIRE ROUTE 	 250 	 986 MURRAY ROSS PKWY
PARK IN A FIRE ROUTE 	 250 	 986 MURRAY ROSS PKWY
PARK IN A FIRE ROUTE 	 250 	 362 THE EAST MALL
PARK IN A FIRE ROUTE 	 250 	 1 VALHALLA INN RD
PARK IN A FIRE ROUTE 	 250 	 1 VALHALLA INN RD
PARK IN A FIRE ROUTE 	 250 	 875 MORNINGSIDE AVE
PARK IN A FIRE ROUTE 	 250 	 875 MORNINGSIDE AVE
PARK IN A FIRE ROUTE 	 250 	 875 MORNINGSIDE AVE
PARK IN A FIRE ROUTE 	 250 	 200 CHALKFARM DR
PARK IN A FIRE ROUTE 	 250 	 93 BIRCHMOUNT RD
PARK IN A FIRE ROUTE 	 250 	 93 BIRCHMOUNT RD
PARK IN A FIRE ROUTE 	 250 	 93 BIRCHMOUNT RD
PARK IN A FIRE ROUTE 	 250 	 1090 DON MILLS RD
PARK IN A FIRE ROUTE 	 250 	 265 DIXON RD
PARK IN A FIRE ROUTE 	 250 	 29 FUNDY BAY BLVD
PARK IN A FIRE ROUTE 	 250 	 550 SCARBOROUGH GOLF CLUB RD
PARK IN A FIRE ROUTE 	 250 	 550 SCARBOROUGH GOLF CLUB RD
PARK IN A FIRE ROUTE 	 250 	 4001 LESLIE ST
PARK IN A FIRE ROUTE 	 250 	 3600 LAKESHORE BLVD
PARK IN A FIRE ROUTE 	 250 	 3600 LAKESHORE BLD W
PARK IN A FIRE ROUTE 	 250 	 3600 LAKESHORE BLVD W
PARK IN A FIRE ROUTE 	 250 	 625 RUNNYMEDE RD
PARK IN A FIRE ROUTE 	 250 	 20 WELLESLEY ST E
PARK IN A FIRE ROUTE 	 250 	 710 HUMBERWOOD BLVD
PARK IN A FIRE ROUTE 	 250 	 80 PARROTTA DR
PARK IN A FIRE ROUTE 	 250 	 15 WILLIAM KITCHEN RD
PARK IN A FIRE ROUTE 	 250 	 4001 LESLIE ST
PARK IN A FIRE ROUTE 	 250 	 6 FOUNDRY AVE
PARK IN A FIRE ROUTE 	 250 	 3043 FINCH AVE W
PARK IN A FIRE ROUTE 	 250 	 3043 FINCH AVE W
PARK IN A FIRE ROUTE 	 250 	 3047 FINCH AVE W
PARK IN A FIRE ROUTE 	 250 	 3047 FINCH AVE W
PARK IN A FIRE ROUTE 	 250 	 2 VENA WAY
PARK IN A FIRE ROUTE 	 250 	 2 VENA WAY
PARK IN A FIRE ROUTE 	 250 	 2 VENA WAY
PARK IN A FIRE ROUTE 	 250 	 115 TORBARRIE RD
PARK IN A FIRE ROUTE 	 250 	 260 WELLESLEY ST E
PARK IN A FIRE ROUTE 	 250 	 260 WELLESLEY ST E
PARK IN A FIRE ROUTE 	 250 	 10 VASTO LANE
PARK IN A FIRE ROUTE 	 250 	 15 ICEBOAT TER
PARK IN A FIRE ROUTE 	 250 	 2101 ISLINGTON AVE
PARK IN A FIRE ROUTE 	 250 	 50 EMPRINGHAM DR
PARK IN A FIRE ROUTE 	 250 	 BRADHAM PATH
PARK IN A FIRE ROUTE 	 250 	 3392 KINGSTON RD
PARK IN A FIRE ROUTE 	 250 	 335 VAN HORNE AVE
PARK IN A FIRE ROUTE 	 250 	 40 FOUNTAINHEAD RD
PARK IN A FIRE ROUTE 	 250 	 40 FOUNTAINHEAD RD
PARK IN A FIRE ROUTE 	 250 	 100 HIGH PARK AVE
PARK IN A FIRE ROUTE 	 250 	 15 MICHAEL POWER PL
PARK IN A FIRE ROUTE 	 250 	 2770 JANE ST
PARK IN A FIRE ROUTE 	 250 	 2770 JANE ST
PARK IN A FIRE ROUTE 	 250 	 17 COLONEL SAMUEL SMITH PARK DR
PARK IN A FIRE ROUTE 	 250 	 65 HARBOUR SQ
PARK IN A FIRE ROUTE 	 250 	 4700 KEELE ST
PARK IN A FIRE ROUTE 	 250 	 1350 DANFORTH RD
PARK IN A FIRE ROUTE 	 250 	 70 TOWN CENTRE COURT
PARK IN A FIRE ROUTE 	 250 	 716 THE WEST MALL
PARK IN A FIRE ROUTE 	 250 	 1350 DANFORTH RD
PARK IN A FIRE ROUTE 	 250 	 12 ST DENNIS DR
PARK IN A FIRE ROUTE 	 250 	 20 MINOWAN MIIKAN LANE
PARK IN A FIRE ROUTE 	 250 	 1 BRIMLEY RD
PARK IN A FIRE ROUTE 	 250 	 3725 DUNDAS ST W
PARK IN A FIRE ROUTE 	 250 	 30 FALSTAFF AVE
PARK IN A FIRE ROUTE 	 250 	 260 WELLESLEY ST E
PARK IN A FIRE ROUTE 	 250 	 240 WELLESLEY ST E
PARK IN A FIRE ROUTE 	 250 	 21 PIRANDELLO ST
PARK IN A FIRE ROUTE 	 250 	 4700 KEELE ST
PARK IN A FIRE ROUTE 	 250 	 4700 KEELE ST
PARK IN A FIRE ROUTE 	 250 	 10 NAVY WHARF CRT
PARK IN A FIRE ROUTE 	 250 	 3850 SHEPPARD AVE E
PARK IN A FIRE ROUTE 	 250 	 3850 SHEPPARD AVE E
PARK IN A FIRE ROUTE 	 250 	 3850 SHEPPARD AVE E
PARK IN A FIRE ROUTE 	 250 	 1 VALHALLA INN RD
PARK IN A FIRE ROUTE 	 250 	 3850 SHEPPARD AVE E
PARK IN A FIRE ROUTE 	 250 	 1 VALHALLA INN RD
PARK IN A FIRE ROUTE 	 250 	 3850 SHEPPARD AVE E
PARK IN A FIRE ROUTE 	 250 	 23 APPLEWOOD LANE
PARK IN A FIRE ROUTE 	 250 	 10 ALTON TOWERS CRCL
PARK IN A FIRE ROUTE 	 250 	 2195 JANE ST
PARK IN A FIRE ROUTE 	 250 	 11 QUINCE APPLEWAY
PARK IN A FIRE ROUTE 	 250 	 80 HARRISON GARDEN BLVD
PARK IN A FIRE ROUTE 	 250 	 4001 LESLIE ST
PARK IN A FIRE ROUTE 	 250 	 53 WARRENDER AVE
PARK IN A FIRE ROUTE 	 250 	 53 WARRENDER AVE
PARK IN A FIRE ROUTE 	 250 	 1333 SHEPARD AVE E
PARK IN A FIRE ROUTE 	 250 	 245 QUEENS QUAY W
PARK IN A FIRE ROUTE 	 250 	 245 QUEENS QUAY W
PARK IN A FIRE ROUTE 	 250 	 55 MILL ST
PARK IN A FIRE ROUTE 	 250 	 53 WARRENDER AVE
PARK IN A FIRE ROUTE 	 250 	 53 WARRENDER AVE
PARK IN A FIRE ROUTE 	 250 	 205 HUMBER COLLEGE BLVD
PARK IN A FIRE ROUTE 	 250 	 1100 SHEPPARD AVE E
PARK IN A FIRE ROUTE 	 250 	 55 MILL ST
PARK IN A FIRE ROUTE 	 250 	 263 PHARMACY AVE
PARK IN A FIRE ROUTE 	 250 	 21 SCOLLARD ST
PARK IN A FIRE ROUTE 	 250 	 999 PROGRESS AVE
PARK IN A FIRE ROUTE 	 250 	 1 YORKGATE BLVD
PARK IN A FIRE ROUTE 	 250 	 3850 SHEPPARD AVE E
PARK IN A FIRE ROUTE 	 250 	 3850 SHEPPARD AVE E
PARK IN A FIRE ROUTE 	 250 	 3121 EGLINTON AVE E
PARK IN A FIRE ROUTE 	 250 	 3121 EGLINTON AVE E
PARK IN A FIRE ROUTE 	 250 	 1100 SHEPPARD AVE E
PARK IN A FIRE ROUTE 	 250 	 3850 SHEPPARD AVE E
PARK IN A FIRE ROUTE 	 250 	 2550 PHARMACY AVE
PARK IN A FIRE ROUTE 	 250 	 362 THE EAST MALL
PARK IN A FIRE ROUTE 	 250 	 799 MILNER AVE
PARK IN A FIRE ROUTE 	 250 	 1139 MORNINGSIDE AVE
PARK IN A FIRE ROUTE 	 250 	 1139 MORNINGSIDE AVE
PARK IN A FIRE ROUTE 	 250 	 1090 DON MILLS RD
PARK IN A FIRE ROUTE 	 250 	 1090 DON MILLS RD
PARK IN A FIRE ROUTE 	 250 	 115 TORBARRIE RD
PARK IN A FIRE ROUTE 	 250 	 142 WIDDICOMBE HILL BLVD
PARK IN A FIRE ROUTE 	 250 	 HUMBER COLLEGE BLVD
PARK IN A FIRE ROUTE 	 250 	 1667 ALBION RD
PARK IN A FIRE ROUTE 	 250 	 UNAVAILABLE /ILLEGIBLE
PARK IN A FIRE ROUTE 	 250 	 1667 ALBION RD
PARK IN A FIRE ROUTE 	 250 	 2770 JANE ST
PARK IN A FIRE ROUTE 	 250 	 2770 JANE ST
PARK IN A FIRE ROUTE 	 250 	 422 LUMSDEN AVE
PARK IN A FIRE ROUTE 	 250 	 1270 FINCH AVE W 
PARK IN A FIRE ROUTE 	 250 	 4700 KEELE ST
PARK IN A FIRE ROUTE 	 250 	 30 DENARDA ST
PARK IN A FIRE ROUTE 	 250 	 15 ICEBOAT TER
PARK IN A FIRE ROUTE 	 250 	 4700 KEELE ST
PARK IN A FIRE ROUTE 	 250 	 240 WELLESLEY ST E
PARK IN A FIRE ROUTE 	 250 	 200 SIR WILLIAM HEARST AVE
PARK IN A FIRE ROUTE 	 250 	 6 VENA WAY
PARK IN A FIRE ROUTE 	 250 	 2 VENA WAY
PARK IN A FIRE ROUTE 	 250 	 4700 KEELE ST
PARK IN A FIRE ROUTE 	 250 	 1090 DON MILLS RD
PARK IN A FIRE ROUTE 	 250 	 1090 DON MILLS RD
PARK IN A FIRE ROUTE 	 250 	 1090 DON MILLS RD
PARK IN A FIRE ROUTE 	 250 	 4700 KEELE ST
PARK IN A FIRE ROUTE 	 250 	 4700 KEELE ST
PARK IN A FIRE ROUTE 	 250 	 100 PARROTTA DR
PARK IN A FIRE ROUTE 	 250 	 4001 LESLIE ST
PARK IN A FIRE ROUTE 	 250 	 115 TORBARRIE RD
PARK IN A FIRE ROUTE 	 250 	 29 SOUTH STATION ST
PARK IN A FIRE ROUTE 	 250 	 4001 LESLIE ST
PARK IN A FIRE ROUTE 	 250 	 296 GRANDRAVINE DR
PARK IN A FIRE ROUTE 	 250 	 21 COLONEL SAMUEL SMITH PARK DR
PARK IN A FIRE ROUTE 	 250 	 30 DENARDA ST
PARK IN A FIRE ROUTE 	 250 	 296 GRANDRAVINE DR
PARK IN A FIRE ROUTE 	 250 	 296 GRANDRAVINE DR
PARK IN A FIRE ROUTE 	 250 	 296 GRANDRAVINE DR
PARK IN A FIRE ROUTE 	 250 	 10 ALTON TOWERS CRCL
PARK IN A FIRE ROUTE 	 250 	 4700 KEELE ST
PARK IN A FIRE ROUTE 	 250 	 720 MIDLAND AVE
PARK IN A FIRE ROUTE 	 250 	 720 MIDLAND AVE
PARK IN A FIRE ROUTE 	 250 	 3850 SHEPPARD AVE E
PARK IN A FIRE ROUTE 	 250 	 2901 JANE ST
PARK IN A FIRE ROUTE 	 250 	 265 DIXON RD
PARK IN A FIRE ROUTE 	 250 	 462 BIRCHMOUNT RD
PARK IN A FIRE ROUTE 	 250 	 462 BIRCHMOUNT RD
PARK IN A FIRE ROUTE 	 250 	 462 BIRCHMOUNT RD
PARK IN A FIRE ROUTE 	 250 	 93 BIRCHMOUNT RD
PARK IN A FIRE ROUTE 	 250 	 93 BIRCHMOUNT RD
PARK IN A FIRE ROUTE 	 250 	 93 BIRCHMOUNT RD
PARK IN A FIRE ROUTE 	 250 	 15 ICEBOAT TER
PARK IN A FIRE ROUTE 	 250 	 15 ICEBOAT TER
PARK IN A FIRE ROUTE 	 250 	 15 ICEBOAT TER
PARK IN A FIRE ROUTE 	 250 	 CONRON PL
PARK IN A FIRE ROUTE 	 250 	 260 SCARLETT RD
PARK IN A FIRE ROUTE 	 250 	 270 SCARLETT RD
PARK IN A FIRE ROUTE 	 250 	 240 SCARLETT RD
PARK IN A FIRE ROUTE 	 250 	 4700 KEELE STREET 
PARK IN A FIRE ROUTE 	 250 	 160 CHALKFARM DR
PARK IN A FIRE ROUTE 	 250 	 160 CHALKFARM DR
PARK IN A FIRE ROUTE 	 250 	 15 ICEBOAT TER
PARK IN A FIRE ROUTE 	 250 	 15 ICEBOAT TER
PARK IN A FIRE ROUTE 	 250 	 21 ICEBOAT TER
PARK IN A FIRE ROUTE 	 250 	 50 TRUDELLE ST
PARK IN A FIRE ROUTE 	 250 	 296 GRANDRAVINE DR 
PARK IN A FIRE ROUTE 	 250 	 4001 LESLIE ST
PARK IN A FIRE ROUTE 	 250 	 4700 KEELE ST
PARK IN A FIRE ROUTE 	 250 	 4001 LESLIE ST
PARK IN A FIRE ROUTE 	 250 	 20 ZACHARY CRT
PARK IN A FIRE ROUTE 	 250 	 21 ICEBOAT TER
PARK IN A FIRE ROUTE 	 250 	 5085 SHEPPARD AVE E
PARK IN A FIRE ROUTE 	 250 	 5085 SHEPPARD AVE E
PARK IN A FIRE ROUTE 	 250 	 1200 YORK MILLS RD
PARK IN A FIRE ROUTE 	 250 	 75 CHESTER LE BLVD
PARK IN A FIRE ROUTE 	 250 	 1 YORKGATE BLVD
PARK IN A FIRE ROUTE 	 250 	 251 CONSUMERS RD
PARK IN A FIRE ROUTE 	 250 	 245 QUEENS QUAY W
PARK IN A FIRE ROUTE 	 250 	 245 QUEENS QUAY W
PARK IN A FIRE ROUTE 	 250 	 245 QUEENS QUAY W
PARK IN A FIRE ROUTE 	 250 	 26 UNDERHILL DR
PARK IN A FIRE ROUTE 	 250 	 70 FOREST MANOR RD
PARK IN A FIRE ROUTE 	 250 	 5 MARINER TER
PARK IN A FIRE ROUTE 	 250 	 21 ICEBOAT TER
PARK IN A FIRE ROUTE 	 250 	 15 ICEBOAT TER
PARK IN A FIRE ROUTE 	 250 	 55 ANN O'REILLY RD
PARK IN A FIRE ROUTE 	 250 	 3833 MIDLAND AVE
PARK IN A FIRE ROUTE 	 250 	 3833 MIDLAND AVE
PARK IN A FIRE ROUTE 	 250 	 3833 MIDLAND AVE
PARK IN A FIRE ROUTE 	 250 	 3833 MIDLAND AVE
PARK IN A FIRE ROUTE 	 250 	 3833 MIDLAND AVE
PARK IN A FIRE ROUTE 	 250 	 539 QUEENS QUAY W
PARK IN A FIRE ROUTE 	 250 	 325 BAMBURGH CRCL
PARK IN A FIRE ROUTE 	 250 	 325 BAMBURGH CRCL
PARK IN A FIRE ROUTE 	 250 	 126 BELLAMY RD N
PARK IN A FIRE ROUTE 	 250 	 1 YORKGATE BLVD
PARK IN A FIRE ROUTE 	 250 	 3833 MIDLAND AVE
PARK IN A FIRE ROUTE 	 250 	 10 MARTHA EATON WAY
PARK IN A FIRE ROUTE 	 250 	 3833 MIDLAND AVE
PARK IN A FIRE ROUTE 	 250 	 3833 MIDLAND AVE
PARK IN A FIRE ROUTE 	 250 	 175 COMMANDER BLVD
PARK IN A FIRE ROUTE 	 250 	 175 COMMANDER BLVD
PARK IN A FIRE ROUTE 	 250 	 175 COMMANDER BLVD
PARK IN A FIRE ROUTE 	 250 	 175 COMMANDER BLVD
PARK IN A FIRE ROUTE 	 250 	 CONRON PL
PARK IN A FIRE ROUTE 	 250 	 CONRON PL
PARK IN A FIRE ROUTE 	 250 	 710 HUMBERWOOD BLVD
PARK IN A FIRE ROUTE 	 250 	 21 ICEBOAT TER
PARK IN A FIRE ROUTE 	 250 	 30 WESTON RD
PARK IN A FIRE ROUTE 	 250 	 175 COMMANDER BLVD
PARK IN A FIRE ROUTE 	 250 	 175 COMMANDER BLVD
PARK IN A FIRE ROUTE 	 250 	 175 COMMANDER BLVD
PARK IN A FIRE ROUTE 	 250 	 4978 YONGE ST
PARK IN A FIRE ROUTE 	 250 	 3833 MIDLAND AVE
PARK IN A FIRE ROUTE 	 250 	 3833 MIDLAND AVE
PARK IN A FIRE ROUTE 	 250 	 3833 MIDLAND AVE
PARK IN A FIRE ROUTE 	 250 	 3833 MIDLAND AVE
PARK IN A FIRE ROUTE 	 250 	 4001 LESLIE ST
PARK IN A FIRE ROUTE 	 250 	 175 COMMANDER BLVD
PARK IN A FIRE ROUTE 	 250 	 175 COMMANDER BLVD
PARK IN A FIRE ROUTE 	 250 	 175 COMMANDER BLVD
PARK IN A FIRE ROUTE 	 250 	 175 COMMANDER BLVD
PARK IN A FIRE ROUTE 	 250 	 4001 LESLIE ST
PARK IN A FIRE ROUTE 	 250 	 1765 WESTON RD
PARK IN A FIRE ROUTE 	 250 	 20 KIMBERCROFT CRT
PARK IN A FIRE ROUTE 	 250 	 12 YORK ST
PARK IN A FIRE ROUTE 	 250 	 15 ICEBOAT TER
PARK IN A FIRE ROUTE 	 250 	 4700 KEELE ST
PARK IN A FIRE ROUTE 	 250 	 280 CONSUMERS RD
PARK IN A FIRE ROUTE 	 250 	 15 BROOKBANKS DR
PARK IN A FIRE ROUTE 	 250 	 3833 MCCOWAN RD
PARK IN A FIRE ROUTE 	 250 	 21 ICEBOAT TER
PARK IN A FIRE ROUTE 	 250 	 21 ICEBOAT TER
PARK IN A FIRE ROUTE 	 250 	 74 SIDNEY BELSEY CRES
PARK IN A FIRE ROUTE 	 250 	 3850 SHEPPARD AVE E
PARK IN A FIRE ROUTE 	 250 	 4700 KEELE ST
PARK IN A FIRE ROUTE 	 250 	 799 MILNER AVE
PARK IN A FIRE ROUTE 	 250 	 93 BIRCHMOUNT RD
PARK IN A FIRE ROUTE 	 250 	 235 ROUGE RIVER DR
PARK IN A FIRE ROUTE 	 250 	 235 ROUGE RIVER DR
PARK IN A FIRE ROUTE 	 250 	 93 BIRCHMOUNT RD
PARK IN A FIRE ROUTE 	 250 	 93 BIRCHMOUNT RD
PARK IN A FIRE ROUTE 	 250 	 75 DEVONSHIRE PL
PARK IN A FIRE ROUTE 	 250 	 2940 JANE ST
PARK IN A FIRE ROUTE 	 250 	 45 OVERLEA BLVD
PARK IN A FIRE ROUTE 	 250 	 45 OVERLEA BLVD
PARK IN A FIRE ROUTE 	 250 	 45 OVERLEA BLVD
PARK IN A FIRE ROUTE 	 250 	 1090 DON MILLS RD
PARK IN A FIRE ROUTE 	 250 	 29 SINGER CRT
PARK IN A FIRE ROUTE 	 250 	 29 SINGER CRT
PARK IN A FIRE ROUTE 	 250 	 29 SINGER CRT
PARK IN A FIRE ROUTE 	 250 	 8 VASTO LANE
PARK IN A FIRE ROUTE 	 250 	 47 THORNCLIFFE PARK DR
PARK IN A FIRE ROUTE 	 250 	 555 REXDALE BLVD
PARK IN A FIRE ROUTE 	 250 	 2305 MARKHAM RD
PARK IN A FIRE ROUTE 	 250 	 2305 MARKHAM RD
PARK IN A FIRE ROUTE 	 250 	 93 BIRCHMOUNT RD
PARK IN A FIRE ROUTE 	 250 	 93 BIRCHMOUNT RD
PARK IN A FIRE ROUTE 	 250 	 93 BIRCHMOUNT RD
PARK IN A FIRE ROUTE 	 250 	 93 BIRCHMOUNT RD
PARK IN A FIRE ROUTE 	 250 	 283 PHARMACY AVE
PARK IN A FIRE ROUTE 	 250 	 10 NAVY WHARF CRT
PARK IN A FIRE ROUTE 	 250 	 31 TAPSCOTT RD
PARK IN A FIRE ROUTE 	 250 	 101 TORO RD
PARK IN A FIRE ROUTE 	 250 	 8 TELEGRAM MEWS
PARK IN A FIRE ROUTE 	 250 	 8 TELEGRAM MEWS
PARK IN A FIRE ROUTE 	 250 	 1 YORK GATE BLVD
PARK IN A FIRE ROUTE 	 250 	 80 FOREST MANOR RD
PARK IN A FIRE ROUTE 	 250 	 1 YORK GATE BLVD
PARK IN A FIRE ROUTE 	 250 	 1884 DAVENPORT RD
PARK IN A FIRE ROUTE 	 250 	 4001 LESLIE ST
PARK IN A FIRE ROUTE 	 250 	 3600 LAKESHORE BLVD W
PARK IN A FIRE ROUTE 	 250 	 3850 SHEPPARD AVE E
PARK IN A FIRE ROUTE 	 250 	 1577 LAWRENCE AVE W
PARK IN A FIRE ROUTE 	 250 	 3850 SHEPPARD AVE E
PARK IN A FIRE ROUTE 	 250 	 3833 MIDLAND AVE
PARK IN A FIRE ROUTE 	 250 	 3833 MIDLAND AVE
PARK IN A FIRE ROUTE 	 250 	 3833 MIDLAND AVE
PARK IN A FIRE ROUTE 	 250 	 49 MABELLE AVE
PARK IN A FIRE ROUTE 	 250 	 175 COMMANDER BLVD
PARK IN A FIRE ROUTE 	 250 	 175 COMMANDER BLVD
PARK IN A FIRE ROUTE 	 250 	 175 COMMANDER BLVD
PARK IN A FIRE ROUTE 	 250 	 175 COMMANDER BLVD
PARK IN A FIRE ROUTE 	 250 	 151 VILLAGE GREEN SQ
PARK IN A FIRE ROUTE 	 250 	 175 COMMANDER BLVD
PARK IN A FIRE ROUTE 	 250 	 175 COMMANDER BLVD
PARK IN A FIRE ROUTE 	 250 	 1 YORK GATE BLVD
PARK IN A FIRE ROUTE 	 250 	 9 COOPMAN PTWY
PARK IN A FIRE ROUTE 	 250 	 9 COOPMAN PTWY
PARK IN A FIRE ROUTE 	 250 	 41 COOPMAN PTWY
PARK IN A FIRE ROUTE 	 250 	 51 WILCOX CREEK PTWY
PARK IN A FIRE ROUTE 	 250 	 50 WILCOX CREEK PTWY
PARK IN A FIRE ROUTE 	 250 	 401 SEWELL'S RD
PARK IN A FIRE ROUTE 	 250 	 325 BAMBURGH CRCL
PARK IN A FIRE ROUTE 	 250 	 3833 MIDLAND AVE
PARK IN A FIRE ROUTE 	 250 	 8 TELEGRAM MEWS
PARK IN A FIRE ROUTE 	 250 	 30 WESTON RD
PARK IN A FIRE ROUTE 	 250 	 30 WESTON RD
PARK IN A FIRE ROUTE 	 250 	 30 WESTON RD
PARK IN A FIRE ROUTE 	 250 	 175 COMMANDER BLVD
PARK IN A FIRE ROUTE 	 250 	 2007 LAWRENCE AVE W
PARK IN A FIRE ROUTE 	 250 	 175 COMMANDER BLVD
PARK IN A FIRE ROUTE 	 250 	 219 FORT YORK BLVD
PARK IN A FIRE ROUTE 	 250 	 15 ICEBOAT TER
PARK IN A FIRE ROUTE 	 250 	 15 ICEBOAT TER
PARK IN A FIRE ROUTE 	 250 	 15 ICEBOAT TER
PARK IN A FIRE ROUTE 	 250 	 1779 JANE ST
PARK IN A FIRE ROUTE 	 250 	 1779 JANE ST
PARK IN A FIRE ROUTE 	 250 	 2007 LAWRENCE AVE W
PARK IN A FIRE ROUTE 	 250 	 40 GORDONRIDGE PL
PARK IN A FIRE ROUTE 	 250 	 341 MILITARY TRL
PARK IN A FIRE ROUTE 	 250 	 15 MARTHA EATON WAY
PARK IN A FIRE ROUTE 	 250 	 4001 LESLIE ST
PARK IN A FIRE ROUTE 	 250 	 3850 SHEPPARD AVE E
PARK IN A FIRE ROUTE 	 250 	 761 BAY ST
PARK IN A FIRE ROUTE 	 250 	 270 THE KINGSWAY
PARK IN A FIRE ROUTE 	 250 	 1 YORK GATE BLVD
PARK IN A FIRE ROUTE 	 250 	 300 BOROUGH DR
PARK IN A FIRE ROUTE 	 250 	 2305 MARKHAM RD
PARK IN A FIRE ROUTE 	 250 	 2305 MARKHAM RD
PARK IN A FIRE ROUTE 	 250 	 2305 MARKHAM RD
PARK IN A FIRE ROUTE 	 250 	 2305 MARKHAM RD
PARK IN A FIRE ROUTE 	 250 	 2305 MARKHAM RD
PARK IN A FIRE ROUTE 	 250 	 2305 MARKHAM RD
PARK IN A FIRE ROUTE 	 250 	 5 MARINER TER
PARK IN A FIRE ROUTE 	 250 	 10 NAVY WHARF CRT
PARK IN A FIRE ROUTE 	 250 	 21 COLONEL SAMUEL SMITH PARK DR
PARK IN A FIRE ROUTE 	 250 	 26 BRADHAM PATH
PARK IN A FIRE ROUTE 	 250 	 1360 DANFORTH RD
PARK IN A FIRE ROUTE 	 250 	 1360 DANFORTH RD
PARK IN A FIRE ROUTE 	 250 	 25 TELEGRAM MEWS
PARK IN A FIRE ROUTE 	 250 	 1360 DANFORTH RD
PARK IN A FIRE ROUTE 	 250 	 1571 SANDHURST CRCL
PARK IN A FIRE ROUTE 	 250 	 6 PARK VISTA
PARK IN A FIRE ROUTE 	 250 	 70 FOREST MANOR RD
PARK IN A FIRE ROUTE 	 250 	 62 FOREST MANOR RD
PARK IN A FIRE ROUTE 	 250 	 70 FOREST MANOR RD
PARK IN A FIRE ROUTE 	 250 	 5 MARINER TER
PARK IN A FIRE ROUTE 	 250 	 309 WASHBURN WAY
PARK IN A FIRE ROUTE 	 250 	 31 TAPSCOTT RD
PARK IN A FIRE ROUTE 	 250 	 31 TAPSCOTT RD
PARK IN A FIRE ROUTE 	 250 	 205 HUMBER COLLEGE BLVD
PARK IN A FIRE ROUTE 	 250 	 5050 SHEPPARD AVE E
PARK IN A FIRE ROUTE 	 250 	 2 VALHALLA INN RD
PARK IN A FIRE ROUTE 	 250 	 5 VALHALLA INN RD
PARK IN A FIRE ROUTE 	 250 	 5 CAPRI RD
PARK IN A FIRE ROUTE 	 250 	 1090 L SUMMERHILL AVE
PARK IN A FIRE ROUTE 	 250 	 1090 L SUMMERHILL AVE
PARK IN A FIRE ROUTE 	 250 	 1090 L SUMMERHILL AVE
PARK IN A FIRE ROUTE 	 250 	 1090 L SUMMERHILL AVE
PARK IN A FIRE ROUTE 	 250 	 804 LANSDOWNE AVE
PARK IN A FIRE ROUTE 	 250 	 804 LANSDOWNE AVE
PARK IN A FIRE ROUTE 	 250 	 462 BIRCHMOUNT RD
PARK IN A FIRE ROUTE 	 250 	 4700 KEELE ST
PARK IN A FIRE ROUTE 	 250 	 2100 WESTON RD
PARK IN A FIRE ROUTE 	 250 	 1641 QUEEN ST E
PARK IN A FIRE ROUTE 	 250 	 462 BIRCHMOUNT RD
PARK IN A FIRE ROUTE 	 250 	 462 BIRCHMOUNT RD
PARK IN A FIRE ROUTE 	 250 	 5 VALHALLA INN RD
PARK IN A FIRE ROUTE 	 250 	 30 FIELDWAY RD
PARK IN A FIRE ROUTE 	 250 	 32 FIELDWAY RD
PARK IN A FIRE ROUTE 	 250 	 462 BIRCHMOUNT RD
PARK IN A FIRE ROUTE 	 250 	 462 BIRCHMOUNT RD
PARK IN A FIRE ROUTE 	 250 	 93 BIRCHMOUNT RD
PARK IN A FIRE ROUTE 	 250 	 93 BIRCHMOUNT RD
PARK IN A FIRE ROUTE 	 250 	 2845 MARKHAM RD
PARK IN A FIRE ROUTE 	 250 	 205 HUMBER COLLEGE BLVD
PARK IN A FIRE ROUTE 	 250 	 219 FORT YORK BLVD
PARK IN A FIRE ROUTE 	 250 	 219 FORT YORK BLVD
PARK IN A FIRE ROUTE 	 250 	 260 WELLESLEY ST E
PARK IN A FIRE ROUTE 	 250 	 3850 SHEPPARD AVE E
PARK IN A FIRE ROUTE 	 250 	 3850 SHEPPARD AVE E
PARK IN A FIRE ROUTE 	 250 	 88 PARK LAWN RD
PARK IN A FIRE ROUTE 	 250 	 325 BOGERT AVE
PARK IN A FIRE ROUTE 	 250 	 115 TORBARRIE RD
PARK IN A FIRE ROUTE 	 250 	 115 TORBARRIE RD
PARK IN A FIRE ROUTE 	 250 	 115 TORBARRIE RD
PARK IN A FIRE ROUTE 	 250 	 126 BELLAMY RD N
PARK IN A FIRE ROUTE 	 250 	 4001 LESLIE ST
PARK IN A FIRE ROUTE 	 250 	 4001 LESLIE ST
PARK IN A FIRE ROUTE 	 250 	 200 SIR WILLIAM HEARST AVE
PARK IN A FIRE ROUTE 	 250 	 545 THE WEST MALL
PARK IN A FIRE ROUTE 	 250 	 296 GRANDRAVINE DR
PARK IN A FIRE ROUTE 	 250 	 296 GRANDRAVINE DR
PARK IN A FIRE ROUTE 	 250 	 365 GRANDRAVINE DR
PARK IN A FIRE ROUTE 	 250 	 50 DRIFTWOOD AVE
PARK IN A FIRE ROUTE 	 250 	 95 GENERATION BLVD
PARK IN A FIRE ROUTE 	 250 	 251 CONSUMERS RD
PARK IN A FIRE ROUTE 	 250 	 53 WARRENDER AVE
PARK IN A FIRE ROUTE 	 250 	 4700 KEELE ST
PARK IN A FIRE ROUTE 	 250 	 1 EGLINTON SQ
PARK IN A FIRE ROUTE 	 250 	 1 EGLINTON SQ
PARK IN A FIRE ROUTE 	 250 	 31 TAPSCOTT RD
PARK IN A FIRE ROUTE 	 250 	 55 MILL ST
PARK IN A FIRE ROUTE 	 250 	 5085 SHEPPARD AVE E
PARK IN A FIRE ROUTE 	 250 	 3850 SHEPPARD AVE E
PARK IN A FIRE ROUTE 	 250 	 4700 KEELE ST
PARK IN A FIRE ROUTE 	 250 	 170 CHALKFARM DR 
PARK IN A FIRE ROUTE 	 250 	 8 TELEGRAM MEWS
PARK IN A FIRE ROUTE 	 250 	 5 MARINER TER
PARK IN A FIRE ROUTE 	 250 	 5 MARINER TER
PARK IN A FIRE ROUTE 	 250 	 10 NAVY WHARF CRT
PARK IN A FIRE ROUTE 	 250 	 1 YORKGATE BLVD
PARK IN A FIRE ROUTE 	 250 	 4700 KEELE ST
PARK IN A FIRE ROUTE 	 250 	 4700 KEELE ST
PARK IN A FIRE ROUTE 	 250 	 1530 ALBION RD
PARK IN A FIRE ROUTE 	 250 	 4700 KEELE ST
PARK IN A FIRE ROUTE 	 250 	 4700 KEELE ST
PARK IN A FIRE ROUTE 	 250 	 1000 ELLESMERE RD
PARK IN A FIRE ROUTE 	 250 	 4001 LESLIE ST
PARK IN A FIRE ROUTE 	 250 	 300 NEW TORONTO ST
PARK IN A FIRE ROUTE 	 250 	 300 NEW TORONTO ST
PARK IN A FIRE ROUTE 	 250 	 300 NEW TORONTO ST
PARK IN A FIRE ROUTE 	 250 	 300 NEW TORONTO ST
PARK IN A FIRE ROUTE 	 250 	 30 FALSTAFF AVE
PARK IN A FIRE ROUTE 	 250 	 85 ELLESMERE RD
PARK IN A FIRE ROUTE 	 250 	 1333 SHEPPARD AVE E
PARK IN A FIRE ROUTE 	 250 	 85 ELLESMERE RD
PARK IN A FIRE ROUTE 	 250 	 22 WAKUNDA PL
PARK IN A FIRE ROUTE 	 250 	 3833 MIDLAND AVE
PARK IN A FIRE ROUTE 	 250 	 175 COMMANDER BLVD
PARK IN A FIRE ROUTE 	 250 	 175 COMMANDER BLVD
PARK IN A FIRE ROUTE 	 250 	 175 COMMANDER BLVD
PARK IN A FIRE ROUTE 	 250 	 75 TANDRIDGE CRES
PARK IN A FIRE ROUTE 	 250 	 121 MCMAHON DR
PARK IN A FIRE ROUTE 	 250 	 4700 KEELE ST
PARK IN A FIRE ROUTE 	 250 	 325 BAMBURGH CRCL
PARK IN A FIRE ROUTE 	 250 	 3833 MIDLAND AVE
PARK IN A FIRE ROUTE 	 250 	 175 COMMANDER BLVD
PARK IN A FIRE ROUTE 	 250 	 4001 LESLIE ST
PARK IN A FIRE ROUTE 	 250 	 93 BIRCHMOUNT RD
PARK IN A FIRE ROUTE 	 250 	 93 BIRCHMOUNT RD
PARK IN A FIRE ROUTE 	 250 	 1779 JANE ST
PARK IN A FIRE ROUTE 	 250 	 1779 JANE ST
PARK IN A FIRE ROUTE 	 250 	 804 LANSDOWNE AVE
PARK IN A FIRE ROUTE 	 250 	 590 RATHBURN RD
PARK IN A FIRE ROUTE 	 250 	 590 RATHBURN RD
PARK IN A FIRE ROUTE 	 250 	 590 RATHBURN RD
PARK IN A FIRE ROUTE 	 250 	 590 RATHBURN RD
PARK IN A FIRE ROUTE 	 250 	 8 TELEGRAM MEWS
PARK IN A FIRE ROUTE 	 250 	 8 TELEGRAM MEWS
PARK IN A FIRE ROUTE 	 250 	 3400 EGLINTON AVE E
PARK IN A FIRE ROUTE 	 250 	 3400 EGLINTON AVE E
PARK IN A FIRE ROUTE 	 250 	 3850 SHEPPARD AVE E
PARK IN A FIRE ROUTE 	 250 	 1090 DON MILLS RD
PARK IN A FIRE ROUTE 	 250 	 1090 DON MILLS RD
PARK IN A FIRE ROUTE 	 250 	 2667 KIPLING AVE
PARK IN A FIRE ROUTE 	 250 	 1840 VICTORIA PARK AVE
PARK IN A FIRE ROUTE 	 250 	 1840 VICTORIA PARK AVE
PARK IN A FIRE ROUTE 	 250 	 240 WELLESLEY ST E
PARK IN A FIRE ROUTE 	 250 	 296 GRANDRAVINE DR
PARK IN A FIRE ROUTE 	 250 	 35 MARINER TER
PARK IN A FIRE ROUTE 	 250 	 25 TELEGRAM MEWS
PARK IN A FIRE ROUTE 	 250 	 8 TELEGRAM MEWS
PARK IN A FIRE ROUTE 	 250 	 35 MARINER TER
PARK IN A FIRE ROUTE 	 250 	 5 MARINER TER
PARK IN A FIRE ROUTE 	 250 	 555 REXDALE BLVD
PARK IN A FIRE ROUTE 	 250 	 642 SHEPPARD AVE E
PARK IN A FIRE ROUTE 	 250 	 2 REAN DR
PARK IN A FIRE ROUTE 	 250 	 1100 SHEPPARD AVE E
PARK IN A FIRE ROUTE 	 250 	 3121 EGLINTON AVE E
PARK IN A FIRE ROUTE 	 250 	 2 BANCROFT AVE
PARK IN A FIRE ROUTE 	 250 	 100 WINGARDEN CRT
PARK IN A FIRE ROUTE 	 250 	 308 BOROUGH DR
PARK IN A FIRE ROUTE 	 250 	 308 BOROUGH DR
PARK IN A FIRE ROUTE 	 250 	 70 TOWN CENTRE CRT
PARK IN A FIRE ROUTE 	 250 	 70 TOWN CENTRE CRT
PARK IN A FIRE ROUTE 	 250 	 1090 DON MILLS RD
PARK IN A FIRE ROUTE 	 250 	 4001 LESLIE ST
PARK IN A FIRE ROUTE 	 250 	 1000 ELLESMERE RD
PARK IN A FIRE ROUTE 	 250 	 3833 MIDLAND AVE
PARK IN A FIRE ROUTE 	 250 	 1800 SHEPPARD AVE E
PARK IN A FIRE ROUTE 	 250 	 117 MCMAHON DR
PARK IN A FIRE ROUTE 	 250 	 2901 BAYVIEW AVE
PARK IN A FIRE ROUTE 	 250 	 2901 BAYVIEW AVE
PARK IN A FIRE ROUTE 	 250 	 2100 WESTON RD
PARK IN A FIRE ROUTE 	 250 	 1 EGLINTON SQ
PARK IN A FIRE ROUTE 	 250 	 1571 SANDHURST CRCL
PARK IN A FIRE ROUTE 	 250 	 3833 MIDLAND AVE
PARK IN A FIRE ROUTE 	 250 	 3833 MIDLAND AVE
PARK IN A FIRE ROUTE 	 250 	 1571 SANDHURST CRCL
PARK IN A FIRE ROUTE 	 250 	 15 GOODMARK PL
PARK IN A FIRE ROUTE 	 250 	 21 ICEBOAT TER
PARK IN A FIRE ROUTE 	 250 	 21 ICEBOAT TER
PARK IN A FIRE ROUTE 	 250 	 175 COMMANDER BLVD
PARK IN A FIRE ROUTE 	 250 	 175 COMMANDER BLVD
PARK IN A FIRE ROUTE 	 250 	 3265 BAYVIEW AVE
PARK IN A FIRE ROUTE 	 250 	 1090 DON MILLS RD
PARK IN A FIRE ROUTE 	 250 	 40 GORDONRIDGE PL
PARK IN A FIRE ROUTE 	 250 	 205 QUEENS QUAY W
PARK IN A FIRE ROUTE 	 250 	 3434 EGLINTON AVE E
PARK IN A FIRE ROUTE 	 250 	 8 TELEGRAM MEWS
PARK IN A FIRE ROUTE 	 250 	 15 ICEBOAT TER
PARK IN A FIRE ROUTE 	 250 	 140 ADANAC DR
PARK IN A FIRE ROUTE 	 250 	 9 OLD MILL RD
PARK IN A FIRE ROUTE 	 250 	 263 PHARMACY AVE
PARK IN A FIRE ROUTE 	 250 	 4000 LAWRENCE AVE E
PARK IN A FIRE ROUTE 	 250 	 4141 YONGE ST
PARK IN A FIRE ROUTE 	 250 	 63 WIDDICOMBE HILL BLVD
PARK IN A FIRE ROUTE 	 250 	 1333 SHEPPARD AVE E
PARK IN A FIRE ROUTE 	 250 	 160 CHALKFARM DR
PARK IN A FIRE ROUTE 	 250 	 100 MORNELLE CRT
PARK IN A FIRE ROUTE 	 250 	 700 HUMBERWOOD BLVD
PARK IN A FIRE ROUTE 	 250 	 35 APPLEWOOD LANE
PARK IN A FIRE ROUTE 	 250 	 19 ROSEBANK DR
PARK IN A FIRE ROUTE 	 250 	 4700 KEELE ST
PARK IN A FIRE ROUTE 	 250 	 300 NEW TORONTO ST
PARK IN A FIRE ROUTE 	 250 	 4001 LESLIE ST
PARK IN A FIRE ROUTE 	 250 	 100 MORNELLE CRT
PARK IN A FIRE ROUTE 	 250 	 1920 EGLINTON AVE E
PARK IN A FIRE ROUTE 	 250 	 1911 EGLINTON AVE E
PARK IN A FIRE ROUTE 	 250 	 45 OVERLEA BLVD
PARK IN A FIRE ROUTE 	 250 	 45 OVERLEA BLVD
PARK IN A FIRE ROUTE 	 250 	 45 OVERLEA BLVD
PARK IN A FIRE ROUTE 	 250 	 45 OVERLEA BLVD
PARK IN A FIRE ROUTE 	 250 	 45 OVERLEA BLVD
PARK IN A FIRE ROUTE 	 250 	 45 OVERLEA BLVD
PARK IN A FIRE ROUTE 	 250 	 45 OVERLEA BLVD
PARK IN A FIRE ROUTE 	 250 	 45 OVERLEA BLVD
PARK IN A FIRE ROUTE 	 250 	 45 OVERLEA BLVD
PARK IN A FIRE ROUTE 	 250 	 804 LANSDOWNE AVE
PARK IN A FIRE ROUTE 	 250 	 55 ANN O'REILLY RD
PARK IN A FIRE ROUTE 	 250 	 31 BALES AVE
PARK IN A FIRE ROUTE 	 250 	 555 REXDALE BLVD
PARK IN A FIRE ROUTE 	 250 	 1921 EGLINTON AVE E
PARK IN A FIRE ROUTE 	 250 	 86 JOSEPH GRIFFITH LN
PARK IN A FIRE ROUTE 	 250 	 235 MANSE RD
PARK IN A FIRE ROUTE 	 250 	 209 MANSE RD
PARK IN A FIRE ROUTE 	 250 	 1090 DON MILLS RD
PARK IN A FIRE ROUTE 	 250 	 1090 DON MILLS RD
PARK IN A FIRE ROUTE 	 250 	 1090 DON MILLS RD
PARK IN A FIRE ROUTE 	 250 	 1090 DON MILLS RD
PARK IN A FIRE ROUTE 	 250 	 1090 DON MILLS RD
PARK IN A FIRE ROUTE 	 250 	 1770 EGLINTON AVE E
PARK IN A FIRE ROUTE 	 250 	 296 GRANDRAVINE DR
PARK IN A FIRE ROUTE 	 250 	 265 ROYWOOD DR
PARK IN A FIRE ROUTE 	 250 	 257 ROYWOOD DR
PARK IN A FIRE ROUTE 	 250 	 257 ROYWOOD DR
PARK IN A FIRE ROUTE 	 250 	 1201 MIDLAND AVE
PARK IN A FIRE ROUTE 	 250 	 4001 LESLIE ST
PARK IN A FIRE ROUTE 	 250 	 605 ROGERS RD
PARK IN A FIRE ROUTE 	 250 	 35 VALLEY WOODS RD
PARK IN A FIRE ROUTE 	 250 	 35 VALLEY WOODS RD
PARK IN A FIRE ROUTE 	 250 	 60 WESTON RD
PARK IN A FIRE ROUTE 	 250 	 60 WESTON RD
PARK IN A FIRE ROUTE 	 250 	 1255 MCCOWAN RD
PARK IN A FIRE ROUTE 	 250 	 3600 LAKE SHORE BLVD W
PARK IN A FIRE ROUTE 	 250 	 505 CONSUMERS RD
PARK IN A FIRE ROUTE 	 250 	 505 CONSUMERS RD
PARK IN A FIRE ROUTE 	 250 	 505 CONSUMERS RD
PARK IN A FIRE ROUTE 	 250 	 505 CONSUMERS RD
PARK IN A FIRE ROUTE 	 250 	 505 CONSUMERS RD
PARK IN A FIRE ROUTE 	 250 	 505 CONSUMERS RD
PARK IN A FIRE ROUTE 	 250 	 60 WESTON RD
PARK IN A FIRE ROUTE 	 250 	 80 WESTON RD
PARK IN A FIRE ROUTE 	 250 	 2235 SHEPPARD AVE E
PARK IN A FIRE ROUTE 	 250 	 2180 ELLESMERE RD
PARK IN A FIRE ROUTE 	 250 	 2180 ELLESMERE RD
PARK IN A FIRE ROUTE 	 250 	 8 TELEGRAM MEWS
PARK IN A FIRE ROUTE 	 250 	 462 BIRCHMOUNT RD
PARK IN A FIRE ROUTE 	 250 	 462 BIRCHMOUNT RD
PARK IN A FIRE ROUTE 	 250 	 15 ICEBOAT TER
PARK IN A FIRE ROUTE 	 250 	 40 PARKCREST DR
PARK IN A FIRE ROUTE 	 250 	 1 EGLINTON SQ
PARK IN A FIRE ROUTE 	 250 	 33 SINGER CRT
PARK IN A FIRE ROUTE 	 250 	 2777 EGLINTON AVE E
PARK IN A FIRE ROUTE 	 250 	 110 TOWN HAVEN PL
PARK IN A FIRE ROUTE 	 250 	 110 TOWN HAVEN PL
PARK IN A FIRE ROUTE 	 250 	 1350 DANFORTH RD
PARK IN A FIRE ROUTE 	 250 	 1350 DANFORTH RD
PARK IN A FIRE ROUTE 	 250 	 45 OVERLEA BLVD
PARK IN A FIRE ROUTE 	 250 	 45 OVERLEA BLVD
PARK IN A FIRE ROUTE 	 250 	 45 OVERLEA BLVD
PARK IN A FIRE ROUTE 	 250 	 45 OVERLEA BLVD
PARK IN A FIRE ROUTE 	 250 	 45 OVERLEA BLVD
PARK IN A FIRE ROUTE 	 250 	 45 OVERLEA BLVD
PARK IN A FIRE ROUTE 	 250 	 45 OVERLEA BLVD
PARK IN A FIRE ROUTE 	 250 	 816 LANSDOWNE AVE
PARK IN A FIRE ROUTE 	 250 	 462 BIRCHMOUNT RD
PARK IN A FIRE ROUTE 	 250 	 462 BIRCHMOUNT RD
PARK IN A FIRE ROUTE 	 250 	 55 JENKINSON WAY
PARK IN A FIRE ROUTE 	 250 	 231 MCRAE DR
PARK IN A FIRE ROUTE 	 250 	 231 MCRAE DR
PARK IN A FIRE ROUTE 	 250 	 45 OVERLEA BLVD
PARK IN A FIRE ROUTE 	 250 	 45 OVERLEA BLVD
PARK IN A FIRE ROUTE 	 250 	 45 OVERLEA BLVD
PARK IN A FIRE ROUTE 	 250 	 53 WARRENDER AVE
PARK IN A FIRE ROUTE 	 250 	 3 APPLEWOOD LANE
PARK IN A FIRE ROUTE 	 250 	 9 VALHALLA INN RD
PARK IN A FIRE ROUTE 	 250 	 9 VALHALLA INN RD
PARK IN A FIRE ROUTE 	 250 	 2 VALHALLA INN RD
PARK IN A FIRE ROUTE 	 250 	 1090 DON MILLS RD
PARK IN A FIRE ROUTE 	 250 	 1090 DON MILLS RD
PARK IN A FIRE ROUTE 	 250 	 1090 DON MILLS RD
PARK IN A FIRE ROUTE 	 250 	 1090 DON MILLS RD
PARK IN A FIRE ROUTE 	 250 	 115 TORBARRIE RD
PARK IN A FIRE ROUTE 	 250 	 1090 DON MILLS RD
PARK IN A FIRE ROUTE 	 250 	 1090 DON MILLS RD
PARK IN A FIRE ROUTE 	 250 	 1090 DON MILLS RD
PARK IN A FIRE ROUTE 	 250 	 260 WELLESLEY ST E
PARK IN A FIRE ROUTE 	 250 	 12 YORK ST
PARK IN A FIRE ROUTE 	 250 	 4700 KEELE ST
PARK IN A FIRE ROUTE 	 250 	 1090 DON MILLS RD
PARK IN A FIRE ROUTE 	 250 	 93 BIRCHMOUNT RD
PARK IN A FIRE ROUTE 	 250 	 1090 DON MILLS RD
PARK IN A FIRE ROUTE 	 250 	 10 ALTON TOWERS CRCL
PARK IN A FIRE ROUTE 	 250 	 115 BLACK CREEK DR
PARK IN A FIRE ROUTE 	 250 	 812 LANSDOWNE AVE
PARK IN A FIRE ROUTE 	 250 	 3600 LAKESHORE BLVD
PARK IN A FIRE ROUTE 	 250 	 3600 LAKESHORE BLVD W
PARK IN A FIRE ROUTE 	 250 	 3600 LAKESHORE BLVD W
PARK IN A FIRE ROUTE 	 250 	 215 SHERWAY GARDENS RD
PARK IN A FIRE ROUTE 	 250 	 50 SILVERBELL GRV
PARK IN A FIRE ROUTE 	 250 	 989 MURRAY ROSS PKWY
PARK IN A FIRE ROUTE 	 250 	 804 LANSDOWNE AVE
PARK IN A FIRE ROUTE 	 250 	 804 LANSDOWNE AVE
PARK IN A FIRE ROUTE 	 250 	 5 VALHALLA INN RD
PARK IN A FIRE ROUTE 	 250 	 5 VALHALLA INN RD
PARK IN A FIRE ROUTE 	 250 	 1640 LAWRENCE AVE W
PARK IN A FIRE ROUTE 	 250 	 361 THE WEST MALL
PARK IN A FIRE ROUTE 	 250 	 3 APPLEWOOD LANE
PARK IN A FIRE ROUTE 	 250 	 3 APPLEWOOD LANE
PARK IN A FIRE ROUTE 	 250 	 45 OVERLEA BLVD
PARK IN A FIRE ROUTE 	 250 	 45 OVERLEA BLVD
PARK IN A FIRE ROUTE 	 250 	 4001 LESLIE ST
PARK IN A FIRE ROUTE 	 250 	 3057 FINCH AVE W
PARK IN A FIRE ROUTE 	 250 	 362 THE EAST MALL
PARK IN A FIRE ROUTE 	 250 	 362 THE EAST MALL
PARK IN A FIRE ROUTE 	 250 	 5000 JANE ST
PARK IN A FIRE ROUTE 	 250 	 15 TOBERMORY DR
PARK IN A FIRE ROUTE 	 250 	 1080 BAY ST
PARK IN A FIRE ROUTE 	 250 	 1080 BAY ST
PARK IN A FIRE ROUTE 	 250 	 3061 FINCH AVE W
PARK IN A FIRE ROUTE 	 250 	 3061 FINCH AVE W
PARK IN A FIRE ROUTE 	 250 	 1090 DON MILLS RD
PARK IN A FIRE ROUTE 	 250 	 1090 DON MILLS RD
PARK IN A FIRE ROUTE 	 250 	 1090 DON MILLS RD
PARK IN A FIRE ROUTE 	 250 	 1090 DON MILLS RD
PARK IN A FIRE ROUTE 	 250 	 1090 DON MILLS RD
PARK IN A FIRE ROUTE 	 250 	 1090 DON MILLS RD
PARK IN A FIRE ROUTE 	 250 	 1090 DON MILLS RD
PARK IN A FIRE ROUTE 	 250 	 1090 DON MILLS RD
PARK IN A FIRE ROUTE 	 250 	 47 VALLEY WOODS RD
PARK IN A FIRE ROUTE 	 250 	 115 TORBARRIE RD
PARK IN A FIRE ROUTE 	 250 	 560 FRONT ST W
PARK IN A FIRE ROUTE 	 250 	 605 ROGERS RD
PARK IN A FIRE ROUTE 	 250 	 2415 JANE ST
PARK IN A FIRE ROUTE 	 250 	 115 HUMBER BLVD
PARK IN A FIRE ROUTE 	 250 	 2415 JANE ST
PARK IN A FIRE ROUTE 	 250 	 1 PARKMOUNT RD
PARK IN A FIRE ROUTE 	 250 	 1 PARKMOUNT RD
PARK IN A FIRE ROUTE 	 250 	 1 PARKMOUNT RD
PARK IN A FIRE ROUTE 	 250 	 4700 KEELE ST
PARK IN A FIRE ROUTE 	 250 	 7 GLAMORGAN AVE
PARK IN A FIRE ROUTE 	 250 	 4001 LESLIE STREET
PARK IN A FIRE ROUTE 	 250 	 1921 EGLINTON AVE E
PARK IN A FIRE ROUTE 	 250 	 1921 EGLINTON AVE E
PARK IN A FIRE ROUTE 	 250 	 1911 EGLINTON AVE E
PARK IN A FIRE ROUTE 	 250 	 1921 EGLINTON AVE E
PARK IN A FIRE ROUTE 	 250 	 1921 EGLINTON AVE E
PARK IN A FIRE ROUTE 	 250 	 1921 EGLINTON AVE E
PARK IN A FIRE ROUTE 	 250 	 33 SINGER CRT
PARK IN A FIRE ROUTE 	 250 	 33 SINGER CRT
PARK IN A FIRE ROUTE 	 250 	 61 PELHAM PARK GARDENS
PARK IN A FIRE ROUTE 	 250 	 1090 DON MILLS RD
PARK IN A FIRE ROUTE 	 250 	 66 SIDNEY BELSEY CRES
PARK IN A FIRE ROUTE 	 250 	 30 FALSTAFF AVE
PARK IN A FIRE ROUTE 	 250 	 4001 LESLIE ST
PARK IN A FIRE ROUTE 	 250 	 2550 KINGSTON RD
PARK IN A FIRE ROUTE 	 250 	 3401 EGLINTON AVE E
PARK IN A FIRE ROUTE 	 250 	 3401 EGLINTON AVE E
PARK IN A FIRE ROUTE 	 250 	 1911 EGLINTON AVE E
PARK IN A FIRE ROUTE 	 250 	 1921 EGLINTON AVE E
PARK IN A FIRE ROUTE 	 250 	 170 CHALKFARM DR
PARK IN A FIRE ROUTE 	 250 	 231 MCRAE DR
PARK IN A FIRE ROUTE 	 250 	 231 MCRAE DR
PARK IN A FIRE ROUTE 	 250 	 4001 LESLIE ST
PARK IN A FIRE ROUTE 	 250 	 220 WINGARDEN CRT
PARK IN A FIRE ROUTE 	 250 	 90 WINGARDEN CRT
PARK IN A FIRE ROUTE 	 250 	 2085 ISLINGTON AVE
PARK IN A FIRE ROUTE 	 250 	 2085 ISLINGTON AVE
PARK IN A FIRE ROUTE 	 250 	 2085 ISLINGTON AVE
PARK IN A FIRE ROUTE 	 250 	 219 FORT YORK BLVD
PARK IN A FIRE ROUTE 	 250 	 300 NEW TORONTO ST
PARK IN A FIRE ROUTE 	 250 	 32 FIELDWAY RD
PARK IN A FIRE ROUTE 	 250 	 300 NEW TORONTO ST
PARK IN A FIRE ROUTE 	 250 	 2063 ISLINGTON AVE
PARK IN A FIRE ROUTE 	 250 	 9 FOUNDRY AVE
PARK IN A FIRE ROUTE 	 250 	 60 WESTON RD
PARK IN A FIRE ROUTE 	 250 	 1080 BAY ST
PARK IN A FIRE ROUTE 	 250 	 4700 KEELE ST
PARK IN A FIRE ROUTE 	 250 	 3696 KINGSTON RD
PARK IN A FIRE ROUTE 	 250 	 320 MCCOWAN RD
PARK IN A FIRE ROUTE 	 250 	 53 WARRENDER AVE
PARK IN A FIRE ROUTE 	 250 	 53 WARRENDER AVE
PARK IN A FIRE ROUTE 	 250 	 53 WARRENDER AVE
PARK IN A FIRE ROUTE 	 250 	 245 QUEENS QUAY W
PARK IN A FIRE ROUTE 	 250 	 245 QUEENS QUAY W
PARK IN A FIRE ROUTE 	 250 	 11 WINCOTT DR
PARK IN A FIRE ROUTE 	 250 	 1 EGLINTON SQUARE 
PARK IN A FIRE ROUTE 	 250 	 1921 EGLINTON AVE E
PARK IN A FIRE ROUTE 	 250 	 1921 EGLINTON AVE E
PARK IN A FIRE ROUTE 	 250 	 550 SCARBOROUGH GOLF CLUB RD
PARK IN A FIRE ROUTE 	 250 	 3401 MARKHAM RD
PARK IN A FIRE ROUTE 	 250 	 3401 MARKHAM RD
PARK IN A FIRE ROUTE 	 250 	 3401 LAWRENCE AVE E
PARK IN A FIRE ROUTE 	 250 	 24 FUNDY BAY BLVD
PARK IN A FIRE ROUTE 	 250 	 70 TOWN CENTRE CRT
PARK IN A FIRE ROUTE 	 250 	 70 TOWN CENTRE CRT
PARK IN A FIRE ROUTE 	 250 	 3460 KEELE ST
PARK IN A FIRE ROUTE 	 250 	 90 WINGARDEN CRT
PARK IN A FIRE ROUTE 	 250 	 26 WINGARDEN CRT
PARK IN A FIRE ROUTE 	 250 	 219 FORT YORK BLVD
PARK IN A FIRE ROUTE 	 250 	 20 KIMBERCROFT CRT
PARK IN A FIRE ROUTE 	 250 	 30 HUMBERLINE DR
PARK IN A FIRE ROUTE 	 250 	 95 SILVER SPRINGS BLVD
PARK IN A FIRE ROUTE 	 250 	 95 SILVER SPRINGS BLVD
PARK IN A FIRE ROUTE 	 250 	 60 WESTON RD
PARK IN A FIRE ROUTE 	 250 	 25 BAY MILLS BLVD
PARK IN A FIRE ROUTE 	 250 	 4700 KEELE ST
PARK IN A FIRE ROUTE 	 250 	 65 ST MARY ST
PARK IN A FIRE ROUTE 	 250 	 1080 BAY ST
PARK IN A FIRE ROUTE 	 250 	 300 NEW TORONTO ST
PARK IN A FIRE ROUTE 	 250 	 2530 BIRCHMOUNT RD
PARK IN A FIRE ROUTE 	 250 	 55 MILL ST
PARK IN A FIRE ROUTE 	 250 	 40 GORDONRIDGE PL
PARK IN A FIRE ROUTE 	 250 	 40 GORDONRIDGE PL
PARK IN A FIRE ROUTE 	 250 	 40 GORDONRIDGE PL
PARK IN A FIRE ROUTE 	 250 	 40 GORDONRIDGE PLACE
PARK IN A FIRE ROUTE 	 250 	 70 TOWN CENTRE CRT
PARK IN A FIRE ROUTE 	 250 	 40 STEVENSON RD
PARK IN A FIRE ROUTE 	 250 	 3 APPLEWOOD LANE
PARK IN A FIRE ROUTE 	 250 	 3 APPLEWOOD LANE
PARK IN A FIRE ROUTE 	 250 	 3 APPLEWOOD LANE
PARK IN A FIRE ROUTE 	 250 	 3 APPLEWOOD LANE
PARK IN A FIRE ROUTE 	 250 	 580 THE EAST MALL
PARK IN A FIRE ROUTE 	 250 	 1530 ALBION RD
PARK IN A FIRE ROUTE 	 250 	 1530 ALBION RD
PARK IN A FIRE ROUTE 	 250 	 170 CHALKFARM DR
PARK IN A FIRE ROUTE 	 250 	 989 MURRAY ROSS PKWY
PARK IN A FIRE ROUTE 	 250 	 60 WESTON RD
PARK IN A FIRE ROUTE 	 250 	 4001 LESLIE ST
PARK IN A FIRE ROUTE 	 250 	 4001 LESLIE ST
PARK IN A FIRE ROUTE 	 250 	 605 ROGERS RD
PARK IN A FIRE ROUTE 	 250 	 300 NEW TORONTO ST
PARK IN A FIRE ROUTE 	 250 	 160 HORNER AVE
PARK IN A FIRE ROUTE 	 250 	 4700 KEELE ST
PARK IN A FIRE ROUTE 	 250 	 160 HORNER AVE
PARK IN A FIRE ROUTE 	 250 	 160 HORNER AVE
PARK IN A FIRE ROUTE 	 250 	 160 HORNER AVE
PARK IN A FIRE ROUTE 	 250 	 160 HORNER AVE
PARK IN A FIRE ROUTE 	 250 	 160 HORNER AVE
PARK IN A FIRE ROUTE 	 250 	 160 HORNER AVE
PARK IN A FIRE ROUTE 	 250 	 4700 KEELE ST
PARK IN A FIRE ROUTE 	 250 	 160 HORNER AVE
PARK IN A FIRE ROUTE 	 250 	 80 WESTON RD
PARK IN A FIRE ROUTE 	 250 	 2575 ST CLAIR AVE W
PARK IN A FIRE ROUTE 	 250 	 80 WESTON RD
PARK IN A FIRE ROUTE 	 250 	 4001 LESLIE ST
PARK IN A FIRE ROUTE 	 250 	 60 WESTON RD
PARK IN A FIRE ROUTE 	 250 	 1530 ALBION RD
PARK IN A FIRE ROUTE 	 250 	 15 ICEBOAT TER
PARK IN A FIRE ROUTE 	 250 	 804 LANSDOWNE AVE
PARK IN A FIRE ROUTE 	 250 	 812 LANSDOWNE AVE
PARK IN A FIRE ROUTE 	 250 	 816 LANSDOWNE AVE
PARK IN A FIRE ROUTE 	 250 	 4700 KEELE ST
PARK IN A FIRE ROUTE 	 250 	 20 CARLING AVE
PARK IN A FIRE ROUTE 	 250 	 804 LANSDOWNE AVE
PARK IN A FIRE ROUTE 	 250 	 205 HUMBER COLLEGE BLVD
PARK IN A FIRE ROUTE 	 250 	 375 COOK RD
PARK IN A FIRE ROUTE 	 250 	 1 VALHALLA INN RD
PARK IN A FIRE ROUTE 	 250 	 9 VALHALLA INN RD
PARK IN A FIRE ROUTE 	 250 	 9 VALHALLA INN RD
PARK IN A FIRE ROUTE 	 250 	 1 VALHALLA INN RD
PARK IN A FIRE ROUTE 	 250 	 3050 ELLESMERE RD
PARK IN A FIRE ROUTE 	 250 	 31 TAPSCOTT RD
PARK IN A FIRE ROUTE 	 250 	 31 TAPSCOTT RD
PARK IN A FIRE ROUTE 	 250 	 31 TAPSCOTT RD
PARK IN A FIRE ROUTE 	 250 	 1779 JANE ST
PARK IN A FIRE ROUTE 	 250 	 4001 LESLIE ST
PARK IN A FIRE ROUTE 	 250 	 85 SILVER SPRINGS BLVD
PARK IN A FIRE ROUTE 	 250 	 605 ROGERS RD
PARK IN A FIRE ROUTE 	 250 	 1333 SHEPPARD AVE E
PARK IN A FIRE ROUTE 	 250 	 90 ORCHARD PARK DR
PARK IN A FIRE ROUTE 	 250 	 10 GLEN EVEREST RD
PARK IN A FIRE ROUTE 	 250 	 4001 LESLIE ST
PARK IN A FIRE ROUTE 	 250 	 4700 KEELE ST
PARK IN A FIRE ROUTE 	 250 	 4700 KEELE ST
PARK IN A FIRE ROUTE 	 250 	 300 BOROUGH DR
PARK IN A FIRE ROUTE 	 250 	 1191 ELLESMERE RD
PARK IN A FIRE ROUTE 	 250 	 15 ICEBOAT TER
PARK IN A FIRE ROUTE 	 250 	 15 ICEBOAT TER
PARK IN A FIRE ROUTE 	 250 	 4978 YONGE ST
PARK IN A FIRE ROUTE 	 250 	 4700 KEELE ST
PARK IN A FIRE ROUTE 	 250 	 5 DUFRESNE CRT
PARK IN A FIRE ROUTE 	 250 	 55 ANN O'REILLY RD
PARK IN A FIRE ROUTE 	 250 	 100 MORNELLE CRT
PARK IN A FIRE ROUTE 	 250 	 47 GENERATION BLVD
PARK IN A FIRE ROUTE 	 250 	 70 TOWN CENTRE CRT
PARK IN A FIRE ROUTE 	 250 	 3847 LAWRENCE AVE E
PARK IN A FIRE ROUTE 	 250 	 33 SINGER CRT
PARK IN A FIRE ROUTE 	 250 	 300 BOROUGH DR
PARK IN A FIRE ROUTE 	 250 	 880 ELLESMERE RD
PARK IN A FIRE ROUTE 	 250 	 7 GLAMORGAN AVE
PARK IN A FIRE ROUTE 	 250 	 555 REXDALE BLVD
PARK IN A FIRE ROUTE 	 250 	 18 GRAYDON HALL DR
PARK IN A FIRE ROUTE 	 250 	 100 HARRISON GARDEN BLVD
PARK IN A FIRE ROUTE 	 250 	 29 LOUVAIN AV
PARK IN A FIRE ROUTE 	 250 	 55 ANN O'REILLY RD
PARK IN A FIRE ROUTE 	 250 	 55 ANN O'REILLY RD
PARK IN A FIRE ROUTE 	 250 	 3895 LAWRENCE AVE E
PARK IN A FIRE ROUTE 	 250 	 2900 WARDEN AVE
PARK IN A FIRE ROUTE 	 250 	 1090 DON MILLS RD
PARK IN A FIRE ROUTE 	 250 	 4700 KEELE ST
PARK IN A FIRE ROUTE 	 250 	 4700 KEELE ST
PARK IN A FIRE ROUTE 	 250 	 1090 DON MILLS RD
PARK IN A FIRE ROUTE 	 250 	 1090 DON MILLS RD
PARK IN A FIRE ROUTE 	 250 	 1090 DON MILLS RD
PARK IN A FIRE ROUTE 	 250 	 1090 DON MILLS RD
PARK IN A FIRE ROUTE 	 250 	 1090 DON MILLS RD
PARK IN A FIRE ROUTE 	 250 	 1090 DON MILLS RD
PARK IN A FIRE ROUTE 	 250 	 1090 DON MILLS RD
PARK IN A FIRE ROUTE 	 250 	 11 QUINCE APPLEWAY
PARK IN A FIRE ROUTE 	 250 	 330 MCCOWAN RD
PARK IN A FIRE ROUTE 	 250 	 30 ANTRIM CRES
PARK IN A FIRE ROUTE 	 250 	 15 ICEBOAT TER
PARK IN A FIRE ROUTE 	 250 	 1202 YORK MILLS RD
PARK IN A FIRE ROUTE 	 250 	 15 DEVONSHIRE PL
PARK IN A FIRE ROUTE 	 250 	 33 SINGER CRT
PARK IN A FIRE ROUTE 	 250 	 33 SINGER CRT
PARK IN A FIRE ROUTE 	 250 	 33 SINGER CRT
PARK IN A FIRE ROUTE 	 250 	 3850 SHEPPARD AVE E
PARK IN A FIRE ROUTE 	 250 	 1790 EGLINTON AVE E
PARK IN A FIRE ROUTE 	 250 	 2946 FINCH AVE E
PARK IN A FIRE ROUTE 	 250 	 105 ROWENA DR
PARK IN A FIRE ROUTE 	 250 	 55 ANN O'REILLY RD
PARK IN A FIRE ROUTE 	 250 	 4001 LESLIE ST
PARK IN A FIRE ROUTE 	 250 	 121 MCMAHON DR
PARK IN A FIRE ROUTE 	 250 	 1911 FINCH AVE W
PARK IN A FIRE ROUTE 	 250 	 1201 MIDLAND AVE
PARK IN A FIRE ROUTE 	 250 	 651 LAWRENCE AVE W
PARK IN A FIRE ROUTE 	 250 	 880 ELLESMERE RD
PARK IN A FIRE ROUTE 	 250 	 115 TORBARRIE RD
PARK IN A FIRE ROUTE 	 250 	 115 TORBARRIE RD
PARK IN A FIRE ROUTE 	 250 	 1090 DON MILLS RD
PARK IN A FIRE ROUTE 	 250 	 1800 SHEPPARD AVE E
PARK IN A FIRE ROUTE 	 250 	 1800 SHEPPARD AVE E
PARK IN A FIRE ROUTE 	 250 	 247 DOWNSVIEW PARK BLVD
PARK IN A FIRE ROUTE 	 250 	 1448 LAWRENCE AVE E
PARK IN A FIRE ROUTE 	 250 	 1448 LAWRENCE AVE E
PARK IN A FIRE ROUTE 	 250 	 989 MURRAY ROSS PKWY
PARK IN A FIRE ROUTE 	 250 	 70 TOWN CENTRE CRT
PARK IN A FIRE ROUTE 	 250 	 50 TOWN CENTRE CRT
PARK IN A FIRE ROUTE 	 250 	 50 TOWN CENTRE CRT
PARK IN A FIRE ROUTE 	 250 	 700 ONTARIO ST
PARK IN A FIRE ROUTE 	 250 	 1004 LAWRENCE AVE E
PARK IN A FIRE ROUTE 	 250 	 126 BELLAMY RD N
PARK IN A FIRE ROUTE 	 250 	 126 BELLAMY RD N
PARK IN A FIRE ROUTE 	 250 	 60 TOWN CENTRE CRT
PARK IN A FIRE ROUTE 	 250 	 341 MILITARY TRL
PARK IN A FIRE ROUTE 	 250 	 8 TELEGRAM MEWS
PARK IN A FIRE ROUTE 	 250 	 8 TELEGRAM MEWS
PARK IN A FIRE ROUTE 	 250 	 33 SINGER CRT
PARK IN A FIRE ROUTE 	 250 	 2111 FINCH AVE W
PARK IN A FIRE ROUTE 	 250 	 15 ICEBOAT TER
PARK IN A FIRE ROUTE 	 250 	 21 ICEBOAT TER
PARK IN A FIRE ROUTE 	 250 	 123 BELLAMY RD N
PARK IN A FIRE ROUTE 	 250 	 70 TOWN CENTRE CRT
PARK IN A FIRE ROUTE 	 250 	 50 TOWN CENTRE CRT
PARK IN A FIRE ROUTE 	 250 	 10 NAVY WHARF CRT
PARK IN A FIRE ROUTE 	 250 	 30 TEESDALE PL
PARK IN A FIRE ROUTE 	 250 	 30 GLAMORGAN AVE
PARK IN A FIRE ROUTE 	 250 	 5 GLAMORGAN AVE
PARK IN A FIRE ROUTE 	 250 	 550 BIRCHMOUNT RD
PARK IN A FIRE ROUTE 	 250 	 4001 LESLIE ST
PARK IN A FIRE ROUTE 	 250 	 901 DIXON RD
PARK IN A FIRE ROUTE 	 250 	 15 JAMESTOWN CRES
PARK IN A FIRE ROUTE 	 250 	 15 JAMESTOWN CRES
PARK IN A FIRE ROUTE 	 250 	 15 JAMESTOWN CRES
PARK IN A FIRE ROUTE 	 250 	 25 COUGAR CRT
PARK IN A FIRE ROUTE 	 250 	 1475 KINGSTON RD
PARK IN A FIRE ROUTE 	 250 	 1449 KINGSTON RD
PARK IN A FIRE ROUTE 	 250 	 4001 LESLIE ST
PARK IN A FIRE ROUTE 	 250 	 BALMORAL AVE
PARK IN A FIRE ROUTE 	 250 	 1090 DON MILLS RD
PARK IN A FIRE ROUTE 	 250 	 1090 DON MILLS RD
PARK IN A FIRE ROUTE 	 250 	 740 KENNEDY RD
PARK IN A FIRE ROUTE 	 250 	 1090 DON MILLS RD
PARK IN A FIRE ROUTE 	 250 	 70 TANDRIDGE CRES
PARK IN A FIRE ROUTE 	 250 	 755 ROYAL YORK RD
PARK IN A FIRE ROUTE 	 250 	 755 ROYAL YORK RD
PARK IN A FIRE ROUTE 	 250 	 755 ROYAL YORK RD
PARK IN A FIRE ROUTE 	 250 	 755 ROYAL YORK RD
PARK IN A FIRE ROUTE 	 250 	 755 ROYAL YORK RD
PARK IN A FIRE ROUTE 	 250 	 755 ROYAL YORK RD
PARK IN A FIRE ROUTE 	 250 	 755 ROYAL YORK RD
PARK IN A FIRE ROUTE 	 250 	 755 ROYAL YORK RD
PARK IN A FIRE ROUTE 	 250 	 755 ROYAL YORK RD
PARK IN A FIRE ROUTE 	 250 	 1800 SHEPPARD AVE E
PARK IN A FIRE ROUTE 	 250 	 320 MCCOWAN RD
PARK IN A FIRE ROUTE 	 250 	 18 HARBOUR ST
PARK IN A FIRE ROUTE 	 250 	 43 COURVILLE COACHWAY
PARK IN A FIRE ROUTE 	 250 	 4700 KEELE ST
PARK IN A FIRE ROUTE 	 250 	 18 LEE CENTRE DR
PARK IN A FIRE ROUTE 	 250 	 100 HARRISON GARDEN BLVD
PARK IN A FIRE ROUTE 	 250 	 435 MARKHAM RD
PARK IN A FIRE ROUTE 	 250 	 1790 EGLINTON AVE E
PARK IN A FIRE ROUTE 	 250 	 1790 EGLINTON AVE E
PARK IN A FIRE ROUTE 	 250 	 739 BIRCHMOUNT RD
PARK IN A FIRE ROUTE 	 250 	 788 BIRCHMOUNT RD
PARK IN A FIRE ROUTE 	 250 	 5 MARINER TER
PARK IN A FIRE ROUTE 	 250 	 1200 YORK MILLS RD
PARK IN A FIRE ROUTE 	 250 	 10 NAVY WHARF CRT
PARK IN A FIRE ROUTE 	 250 	 1200 YORK MILLS RD
PARK IN A FIRE ROUTE 	 250 	 1021 BIRCHMOUNT RD
PARK IN A FIRE ROUTE 	 250 	 1169 BIRCHMOUNT RD
PARK IN A FIRE ROUTE 	 250 	 4100 LAWRENCE AVE E
PARK IN A FIRE ROUTE 	 250 	 189 GALLOWAY RD
PARK IN A FIRE ROUTE 	 250 	 47 GENERATION BLVD
PARK IN A FIRE ROUTE 	 250 	 47 GENERATION BLVD
PARK IN A FIRE ROUTE 	 250 	 30 VALIA RD
PARK IN A FIRE ROUTE 	 250 	 100 HARRISON GARDEN BLVD
PARK IN A FIRE ROUTE 	 250 	 4001 LESLIE ST
PARK IN A FIRE ROUTE 	 250 	 46 COURVILLE COACHWAY
PARK IN A FIRE ROUTE 	 250 	 10 NAVY WHARF CRT
PARK IN A FIRE ROUTE 	 250 	 508 DAWES RD
PARK IN A FIRE ROUTE 	 250 	 4001 LESLIE ST
PARK IN A FIRE ROUTE 	 250 	 15 JAMESTOWN CRES
PARK IN A FIRE ROUTE 	 250 	 15 JAMESTOWN CRES
PARK IN A FIRE ROUTE 	 250 	 15 JAMESTOWN CRES
PARK IN A FIRE ROUTE 	 250 	 15 JAMESTOWN CRES
PARK IN A FIRE ROUTE 	 250 	 4001 LESLIE ST
PARK IN A FIRE ROUTE 	 250 	 4001 LESLIE ST
PARK IN A FIRE ROUTE 	 250 	 3735 DUNDAS ST WEST
PARK IN A FIRE ROUTE 	 250 	 19 COLONEL SAMUEL SMITH PARK DR
PARK IN A FIRE ROUTE 	 250 	 55 MILL ST
PARK IN A FIRE ROUTE 	 250 	 4700 KEELE ST
PARK IN A FIRE ROUTE 	 250 	 4001 LESLIE ST
PARK IN A FIRE ROUTE 	 250 	 260 WELLESLEY ST E
PARK IN A FIRE ROUTE 	 250 	 21 ICEBOAT TER
PARK IN A FIRE ROUTE 	 250 	 82 BUTTONWOOD AVE
PARK IN A FIRE ROUTE 	 250 	 1105 LESLIE ST
PARK IN A FIRE ROUTE 	 250 	 4141 YONGE ST
PARK IN A FIRE ROUTE 	 250 	 1090 DON MILLS RD
PARK IN A FIRE ROUTE 	 250 	 153 BEECROFT RD
PARK IN A FIRE ROUTE 	 250 	 10 SAN ROMANOWAY
PARK IN A FIRE ROUTE 	 250 	 5 SAN ROMANOWAY
PARK IN A FIRE ROUTE 	 250 	 804 LANSDOWNE AVE
PARK IN A FIRE ROUTE 	 250 	 804 LANSDOWNE AVE
PARK IN A FIRE ROUTE 	 250 	 205 HUMBER COLLEGE BLVD
PARK IN A FIRE ROUTE 	 250 	 21 ICEBOAT TER
PARK IN A FIRE ROUTE 	 250 	 375 BAY MILLS BLVD
PARK IN A FIRE ROUTE 	 250 	 365 BAY MILLS BLVD
PARK IN A FIRE ROUTE 	 250 	 804 LANSDOWNE AVE
PARK IN A FIRE ROUTE 	 250 	 23 APPLEWOOD LANE
PARK IN A FIRE ROUTE 	 250 	 74 SIDNEY BELSEY CRES
PARK IN A FIRE ROUTE 	 250 	 2777 KIPLING AVE
PARK IN A FIRE ROUTE 	 250 	 1350 DANFORTH RD
PARK IN A FIRE ROUTE 	 250 	 125 GEORGE APPLETON WAY
PARK IN A FIRE ROUTE 	 250 	 50 EMPRINGHAM DR
PARK IN A FIRE ROUTE 	 250 	 1445 KINGSTON RD
PARK IN A FIRE ROUTE 	 250 	 4001 LESLIE ST
PARK IN A FIRE ROUTE 	 250 	 19 COLONEL SAMUEL SMITH PARK DRIVE
PARK IN A FIRE ROUTE 	 250 	 4700 KEELE ST
PARK IN A FIRE ROUTE 	 250 	 55 FOREST MANOR RD
PARK IN A FIRE ROUTE 	 250 	 160 CHALKFARM DR
PARK IN A FIRE ROUTE 	 250 	 4700 KEELE ST
PARK IN A FIRE ROUTE 	 250 	 720 MIDLAND AVE
PARK IN A FIRE ROUTE 	 250 	 720 MIDLAND AVE
PARK IN A FIRE ROUTE 	 250 	 720 MIDLAND AVE
